# MAE takes the multiplication factor of 2 for avg(|(Target)-(Reconstrcted)|)
Airfoil_name,w1,w2,w3,w4,w5,w6,w7,w8,w9,w10,w11,w12,MAE
AH 81-K-144 W-F KLAPPE,1,0,0,0,0,0,0,0,0,0,0,0,0
AH 93-W-480B,0,1,0,0,0,0,0,0,0,0,0,0,0
CHEN AIRFOIL,0,0,1,0,0,0,0,0,0,0,0,0,0
E195  (11.82%),0,0,0,1,0,0,0,0,0,0,0,0,0
EPPLER 664 (EXTENDED) AIRFOIL,0,0,0,0,1,0,0,0,0,0,0,0,0
EPPLER 864 STRUT AIRFOIL,0,0,0,0,0,1,0,0,0,0,0,0,0
FX 79-W-660A,0,0,0,0,0,0,1,0,0,0,0,0,0
GOE 531 AIRFOIL,0,0,0,0,0,0,0,1,0,0,0,0,0
Griffith 30% Suction Airfoil,0,0,0,0,0,0,0,0,1,0,0,0,0
RONCZ R1145MS MAIN ELEMENT,0,0,0,0,0,0,0,0,0,1,0,0,0
S9104,0,0,0,0,0,0,0,0,0,0,1,0,0
SARATOV AIRFOIL,0,0,0,0,0,0,0,0,0,0,0,1,0
E197  (13.49%),-0.022439,0.00005,-0.026545,0.999819,-0.000136,0.074984,-0.004944,-0.0047,0.001621,-0.0035,-0.007766,-0.006444,0.000209864
E201  (11.88%),-0.000914,0.000938,-0.037878,1.027687,0.001371,0.005848,0.000256,-0.020262,-0.006348,0.007209,0.027252,-0.005157,0.000391318
E193  (10.22%),0.014448,0.002033,0.029888,0.99316,0.002502,-0.063526,0.000998,0.004387,-0.006537,0.007929,0.006768,0.00795,0.00040211
E205  (10.48%),0.038873,0.00503,0.091045,0.965553,0.001492,-0.049705,-0.000008,-0.038218,-0.020783,0.005484,-0.031522,0.032759,0.00042136
EPPLER 863 STRUT AIRFOIL,0.053035,0.006174,-0.010942,0.120163,-0.011726,0.910787,-0.015447,-0.023607,-0.017053,-0.013704,0.001759,0.00056,0.000449074
E176  (8.83%),0.022948,0.002559,0.046761,1.052844,-0.000469,-0.086323,-0.012968,-0.011126,-0.009515,-0.001489,-0.018144,0.014921,0.00046757
EPPLER 393 AIRFOIL,-0.030501,0.003458,-0.065843,1.019666,0.011831,-0.009981,-0.0044,-0.03646,0.024521,-0.009977,0.132211,-0.034525,0.000498742
DAVIS BASIC B-24 WING AIRFOIL,0.036114,-0.00091,0.185255,0.645039,0.000685,0.172287,-0.012382,-0.052495,0.007698,0.004868,-0.047959,0.0618,0.000506046
E387,0.012297,0.000447,0.055893,1.020936,-0.010804,-0.073926,-0.013689,0.014302,-0.006007,-0.002572,0.001903,0.001221,0.000538432
TsAGI 12% AIRFOIL,0.083625,-0.00137,0.137554,0.912602,0.005295,-0.102766,0.030543,-0.030643,0.030026,0.035694,-0.118389,0.017831,0.000540566
EH 2.5/10,0.065977,0.013131,0.2722,0.857015,0.002532,-0.08277,-0.011208,-0.124995,0.019392,0.018072,-0.071378,0.042033,0.00056313
E207  (12.04%),0.01525,0.000016,0.037334,0.995293,0.000524,0.023445,0.000412,-0.058275,-0.027281,0.011317,-0.008435,0.0104,0.000615782
MH 61  10.26%,0.095226,0.020356,0.021696,1.108954,-0.001627,-0.037169,-0.033962,-0.030842,-0.011288,-0.008286,-0.124089,0.001031,0.000657886
NACA M14 AIRFOIL,0.014612,0.004933,0.196586,0.918864,-0.004329,-0.196358,0.022088,-0.003958,0.005426,0.035796,-0.016358,0.022698,0.00068749
MH 20  9.01%,0.092755,0.000725,0.065736,1.088449,-0.000125,-0.126454,-0.00115,-0.025568,-0.001816,0.003175,-0.104408,0.00868,0.000703606
EH 2.0/7.0,0.074896,0.054148,0.1862,1.075148,0.009228,-0.191134,-0.04029,-0.16889,0.006232,0.033012,-0.062319,0.02377,0.000705734
S3021-095-84,0.102318,0.008517,0.052356,0.993877,0.019456,-0.124639,0.001708,-0.020436,-0.016989,0.022361,-0.037719,-0.000811,0.000712218
E374,0.020322,-0.002873,0.018672,1.069675,-0.00047,-0.103393,0.027007,-0.064717,0.026807,0.019946,-0.028608,0.01763,0.00071264
EH 1.5/9.0,0.12591,0.012139,0.115919,1.037751,0.010996,-0.148978,-0.004197,-0.140377,0.002907,0.044448,-0.06868,0.012162,0.000721638
MH 102  16.99%,0.167386,0.030872,0.065838,0.539412,0.009968,0.178372,-0.043357,0.029053,0.013541,0.001017,-0.012728,0.020626,0.000722018
SD6080 (9.2%),0.038011,0.014559,0.040815,1.002615,0.009673,-0.093627,-0.018177,0.02049,0.002019,-0.003929,-0.001199,-0.01125,0.00072786
E178  (8.69%),0.022514,-0.001947,0.051138,1.088269,-0.002388,-0.088678,-0.008221,-0.039479,-0.016076,0.003579,-0.028567,0.019855,0.00073451
E221  (9.39%),0.123342,0.016352,0.091005,1.037977,0.000586,-0.113228,-0.011463,-0.067629,-0.018418,0.022387,-0.091258,0.010347,0.00074817
FX 84-W-097,0.019839,0.000002,0.062872,0.992302,0.002042,-0.08486,-0.006462,-0.035513,0.025034,0.019898,0.001878,0.002967,0.00075703
MH 104  15.28%,0.077174,0.029649,0.165197,0.744578,-0.004909,0.170575,-0.045735,-0.048835,-0.014233,-0.012834,-0.111015,0.050389,0.000765824
EH 3.0/12 (COORD FIXED),0.057631,0.005284,0.356359,0.660657,0.012274,-0.019092,-0.009422,-0.096186,0.047758,0.009839,-0.068894,0.043793,0.000767808
S3025 9.38%,0.080121,0.008187,0.044171,0.986112,0.014654,-0.12753,0.005001,-0.005614,-0.009957,0.009772,-0.001995,-0.002922,0.000792284
GOE 483 AIRFOIL,0.127833,0.008099,0.226104,0.778242,0.0008,-0.321764,0.001242,0.115585,0.020515,0.019676,-0.004341,0.028009,0.000800838
NACA M15 AIRFOIL,0.03364,-0.000735,0.218695,0.698859,0.016615,-0.091103,0.029569,0.039874,0.048808,0.0218,-0.061332,0.04531,0.000812452
S4233-136-84,-0.014132,-0.001754,-0.002404,0.917378,0.001095,0.040395,-0.005502,-0.01359,0.085306,-0.0347,0.051984,-0.024077,0.00081349
MH 70  11.08%,0.130068,0.03251,0.075356,0.866641,0.028827,-0.04892,-0.036612,0.011873,0.015691,-0.006388,-0.065473,-0.003573,0.00081484
GOE 645 AIRFOIL,0.228219,0.024968,0.135447,0.381753,0.035194,0.084077,-0.03103,0.131502,-0.00149,-0.003896,-0.021591,0.036845,0.000820204
E174  (Dicke 8.92%),0.003622,0.001389,0.058767,0.987253,0.002722,-0.067069,-0.024698,0.016573,-0.000839,0.016667,0.003511,0.002102,0.000821412
GOE 683 AIRFOIL,0.110053,0.001678,0.252922,0.363403,-0.000127,0.216979,0.009826,0.169279,0.021228,0.02336,-0.182771,0.014171,0.00082208
E182 (8.47%),0.060318,0.02274,0.04809,1.15232,-0.005721,-0.097528,-0.02994,-0.06413,-0.016903,0.005719,-0.101414,0.026448,0.000832706
MH 60  10.08%,0.156891,0.023203,0.054973,1.012993,0.002533,-0.071486,-0.034488,-0.038528,0.00144,-0.008917,-0.094572,-0.004042,0.0008342
GOE 124 (MVA H.4) AIRFOIL,0.046079,0.047294,0.184971,0.808656,0.026557,-0.16457,-0.03375,0.091968,0.00156,-0.008082,0.002513,-0.003194,0.000843488
PSU 94-097 (AIAA 2001-2478),0.034942,0.016315,-0.027021,1.015613,0.016432,-0.138582,0.001904,-0.013092,0.048065,-0.004998,0.080637,-0.030215,0.00084965
S2027,0.003391,-0.002993,0.043647,0.85693,0.013256,0.103942,-0.012747,-0.043498,0.051977,-0.024879,0.029666,-0.018692,0.000850518
GOE 624 AIRFOIL,0.041314,0.005251,0.199292,0.422037,0.033497,0.078767,0.00617,0.135114,0.059859,0.001145,0.016126,0.001429,0.000856234
EPPLER 862 STRUT AIRFOIL,0.165927,-0.041658,-0.018596,0.176443,-0.00192,0.75544,0.019014,-0.04623,-0.025836,-0.007291,0.024385,0.000321,0.000856664
RAF 34 AIRFOIL,0.059252,0.000071,0.14281,0.881446,-0.017094,0.000226,0.004193,-0.035461,0.021728,0.013878,-0.090039,0.018989,0.000864256
MH 106  13.07%,0.145331,0.014142,0.076514,0.945165,-0.002506,0.059858,-0.019186,-0.118049,-0.048379,0.015707,-0.11701,0.048413,0.000878366
FX 84-W-127,-0.016468,-0.000214,0.052159,0.831175,0.00262,-0.012175,-0.008377,0.052944,0.102107,-0.005841,0.016284,-0.014214,0.000878988
BW 05 02 09,0.080031,0.000079,0.178405,1.033855,0.000506,-0.135333,0.017888,-0.086109,-0.023138,0.015978,-0.159415,0.077252,0.00088766
GOE 184 (MVA H.29) AIRFOIL,0.127625,0.023114,0.194653,0.721986,0.025659,-0.179506,-0.014181,0.114681,-0.024744,0.028938,-0.014903,-0.003324,0.000890906
RAF 38 AIRFOIL,0.030894,-0.000002,0.044473,0.908655,-0.001231,-0.003504,0.008419,-0.024874,0.020886,0.021695,-0.01391,0.008499,0.00090204
GEMINI (smoothed),0.02998,-0.000997,0.016634,0.837325,0.018501,0.026467,0.031543,-0.041042,0.052383,0.031921,0.001706,-0.004422,0.000902274
E180  (8.59%),0.033648,0.012693,0.04567,1.1329,-0.005381,-0.093484,-0.014653,-0.070108,-0.0266,0.007042,-0.051631,0.029904,0.000906502
MH 43  8.5%,0.093248,0.028147,0.008404,1.149816,0.000689,-0.115786,-0.027572,-0.087669,-0.022148,0.022836,-0.055273,0.005309,0.000906758
RAF-48 AIRFOIL,0.064948,0.00043,0.111781,0.694252,0.004202,0.059686,0.003931,0.033015,0.054359,0.002733,-0.040003,0.010665,0.000909992
GOE 396 AIRFOIL,0.014078,0.000998,0.129463,0.980786,-0.011358,-0.292185,0.018716,0.090444,-0.010078,0.007116,0.007084,0.064935,0.000910408
NACA 63-415 AIRFOIL,-0.038243,0.00229,-0.087117,1.001156,0.019774,0.110771,-0.017818,-0.089559,0.072405,0.000004,0.088297,-0.061961,0.000920384
EPPLER 1213 AIRFOIL,0.367006,0.028898,0.124737,0.368302,0.025031,0.157049,-0.052315,-0.00933,-0.009627,0.013894,-0.052307,0.038661,0.000925808
GOE 370 AIRFOIL,0.014337,0.033261,0.12285,0.988485,-0.004673,-0.288956,-0.008274,0.109479,-0.022907,0.021166,-0.003897,0.039129,0.000926992
GOE 587 AIRFOIL,0.016999,-0.000947,0.149294,1.132123,-0.001242,-0.288667,0.030719,-0.078793,-0.004509,0.057223,-0.066061,0.053862,0.000928224
S4310,0.029555,0.026086,0.093401,0.853232,0.016664,-0.039218,-0.031072,0.056893,0.03551,-0.01848,-0.01808,-0.004491,0.000933006
GOE 290 (MVA 290) AIRFOIL,0.088279,0.008864,0.144756,0.467623,0.019635,0.159707,0.004658,0.049242,0.00329,0.012513,0.010712,0.03072,0.000934174
EPPLER 421 AIRFOIL,-0.027245,0.015821,0.257932,0.171401,0.046442,0.164868,-0.031696,0.210945,-0.030075,-0.027246,0.114399,0.134454,0.000935624
NACA M13 AIRFOIL,0.023927,0.00001,0.187074,1.017285,0.001521,-0.254378,0.025977,-0.030055,-0.017736,0.036723,-0.036432,0.046085,0.000938626
EPPLER E854 AIRFOIL,-0.082167,0.00245,-0.147954,1.135429,0.004577,0.063043,0.010284,-0.104845,0.00379,-0.006597,0.169667,-0.047677,0.000940816
EPPLER 1214 AIRFOIL,0.302624,0.016909,0.131444,0.331016,0.037036,0.266837,-0.043163,-0.003801,-0.016686,0.002829,-0.059305,0.034259,0.000947504
Legionair 140 (digitized and smoothed by MSelig),0.048282,0.017965,0.138713,1.036698,0.004913,-0.153002,0.00975,-0.068935,-0.027644,0.002316,-0.02747,0.018416,0.000951356
GOE 529 AIRFOIL,0.007021,-0.000877,0.239049,0.682641,0.010809,-0.092164,0.00116,0.110989,0.011781,-0.004922,0.016684,0.017829,0.000963034
FX 84-W-140,-0.052851,0.002934,0.056355,0.741624,0.007418,0.023238,-0.011852,0.077642,0.139491,-0.008871,0.041247,-0.016374,0.000965334
GOE 362 AIRFOIL,0.139611,0.027609,0.138351,0.910289,0.013155,-0.243781,-0.017922,0.083107,-0.016194,-0.015184,0.031348,-0.050389,0.00096612
NACA M6 AIRFOIL,0.077061,0.022419,0.183243,0.82663,-0.004653,-0.094627,0.013687,-0.024996,0.038083,0.039142,-0.107417,0.031428,0.000966726
EPPLER E853 AIRFOIL,-0.037516,-0.000597,-0.212306,1.256649,0.005729,-0.041822,0.018005,-0.101607,0.023104,0.000812,0.159946,-0.070396,0.00096713
GOE 447 AIRFOIL,-0.015459,-0.000625,0.16666,0.432122,0.014554,-0.061994,0.020719,0.33652,0.061136,0.002205,0.044287,-0.000126,0.000967434
E423,-0.041533,0.004847,0.135999,0.259605,0.067772,0.026701,-0.00297,0.269595,0.00778,-0.014667,0.209084,0.077787,0.000971274
B-29 TIP AIRFOIL,0.04178,-0.002137,0.123213,1.044133,-0.004624,-0.126373,0.01102,-0.071575,0.001326,0.010779,-0.102548,0.075006,0.000973434
MH 116  9.84%,0.044867,0.031548,-0.063666,0.980625,0.033371,-0.119316,-0.013394,0.003246,0.021402,0.024908,0.082408,-0.025999,0.000978186
S4094 (root airfoil designed for and used on the E-flite UMX ASK-21 scale RC sailplane),0.099672,0.180686,0.068038,1.013703,0.012636,-0.142302,-0.083988,-0.121984,-0.038122,0.015526,-0.008771,0.004908,0.000979332
GOE 335 (D.F.W.) AIRFOIL,0.106913,0.014376,0.191177,0.864922,0.015679,-0.263979,0.008273,0.028862,0.002858,0.016147,0.019269,-0.004495,0.000980414
GOE 682 AIRFOIL,0.13943,0.008308,0.085691,0.752697,0.026133,-0.12928,0.005461,0.08834,0.007331,0.042517,0.035944,-0.062573,0.000987154
GOE 328 AIRFOIL,0.060211,0.00989,0.166257,0.925121,-0.011634,-0.201861,0.015927,0.024586,0.002444,0.016543,0.025433,-0.032918,0.000991074
GOE 596 AIRFOIL,0.068964,0.035526,0.129256,0.869745,0.008902,-0.121109,-0.016962,0.027401,0.008727,0.010261,-0.0124,-0.008311,0.000991816
GOE 426 AIRFOIL,-0.06143,-0.005782,0.112599,0.803917,-0.032017,0.097478,-0.005009,0.014356,0.032139,-0.053776,0.110445,-0.012921,0.00099322
TsAGI 8% AIRFOIL,0.086293,0.027272,0.050428,1.197426,0.001087,-0.212747,0.008318,-0.129002,-0.009495,0.044634,-0.07874,0.014528,0.000993292
NACA M18 AIRFOIL,0.016422,-0.001671,0.325116,0.621288,-0.008547,-0.068304,0.019923,0.06703,0.048013,0.025599,-0.104465,0.059596,0.000995376
E186  (10.27%),0.095308,-0.001514,0.1404,1.048275,-0.00937,-0.045849,-0.006679,-0.077288,-0.029458,-0.000448,-0.164318,0.050941,0.001001862
GOE 264 AIRFOIL,0.037011,0.025057,0.295347,0.738353,0.001156,-0.269054,0.005872,0.026199,0.014298,0.02977,0.096475,-0.000483,0.001003404
K3311 (smoothed),0.013104,-0.00157,0.003111,1.03931,0.010363,-0.045186,0.013845,-0.037028,-0.014788,-0.000346,0.035282,-0.016096,0.001005424
NACA 63(2)-615,-0.080609,0.004865,-0.081047,0.933429,0.023514,0.112227,-0.017758,-0.090495,0.100953,-0.021248,0.164883,-0.048715,0.00100681
AQUILA 9.3% smoothed,0.062881,0.010121,0.188076,0.877261,0.030873,-0.143089,0.000321,0.01404,0.016927,-0.003904,-0.02958,-0.023928,0.00101127
GOE 446 AIRFOIL,-0.005936,-0.001645,0.10829,0.609411,0.006248,-0.074922,0.037189,0.181584,0.052931,0.016394,0.113308,-0.042851,0.00101537
SD5060 (9.5%),0.178892,0.028277,-0.032881,1.02514,0.002267,-0.124008,-0.027835,-0.042412,0.005069,0.015526,-0.005515,-0.022518,0.001017108
MH 38  9.68%,-0.001602,0.001399,-0.004756,0.983193,0.00731,-0.034217,-0.025455,0.057895,-0.008314,0.028821,0.004849,-0.009123,0.001022226
FX 66-H-80,0.060902,0.040184,0.287097,1.001674,-0.014913,-0.10701,-0.039215,-0.134346,-0.037646,0.001003,-0.105806,0.048076,0.001022542
GOE 425 AIRFOIL,-0.085366,-0.001999,0.143085,0.730218,-0.005493,0.205977,-0.00886,0.090302,-0.005838,-0.054416,0.004492,-0.012101,0.00102406
AG55,0.204397,0.05725,0.004825,1.162426,0.000638,-0.261412,-0.031032,-0.111159,-0.01008,0.021158,-0.009607,-0.027403,0.00102445
GOE 332 (PFALZ 61) AIRFOIL,-0.022557,-0.000015,0.201967,0.611329,0.022506,-0.066267,0.024802,0.137962,0.025471,0.001875,0.08558,-0.022653,0.001025266
K3311  (original),0.009822,0.000069,0.010184,1.026234,0.010271,-0.046809,0.01254,-0.046927,-0.006989,-0.002187,0.044578,-0.010787,0.001026356
EPPLER 552 AIRFOIL,-0.165952,0.003896,-0.055335,0.956163,0.023834,0.364664,-0.035444,-0.121085,-0.011097,-0.040098,0.130486,-0.050032,0.00102636
EH 2.0/10,0.064823,0.002705,0.205991,0.913918,-0.003364,-0.07721,-0.002745,-0.142444,0.014629,0.032011,-0.050285,0.041969,0.001028966
E209  (13.72%),0.006008,0.006291,-0.02641,0.972307,0.004205,0.062858,-0.00182,-0.144517,0.022281,0.008607,0.082542,0.007647,0.00102924
S3016-095-87,0.163149,0.040444,0.00263,1.02575,0.015499,-0.159366,-0.024963,-0.059999,0.041744,0.003088,-0.021591,-0.026386,0.00103484
GOE 704 AIRFOIL,0.221162,0.008485,0.095995,0.759363,0.007462,-0.112811,0.027828,0.108848,0.012588,0.064746,-0.199886,0.006219,0.00103785
GOE 387 AIRFOIL,0.040354,0.003555,0.207039,0.432268,0.061546,0.074748,-0.004315,0.158991,0.028292,-0.000418,-0.006731,0.004671,0.001041594
MH 64  8.59%,0.16712,0.021758,-0.001105,1.08911,0.014427,-0.127707,-0.03378,-0.074153,-0.010877,0.029891,-0.071711,-0.002974,0.001042892
S4053,0.048644,0.015596,-0.008756,1.122962,-0.003638,-0.145161,0.004777,-0.033997,-0.003079,0.012757,0.00012,-0.010224,0.001044052
SD6060-104-88,0.040311,0.004639,0.015042,1.05873,0.01285,-0.108303,0.00744,-0.110178,0.04356,0.031584,-0.00828,0.012603,0.001045628
GOE 628 AIRFOIL,0.243508,0.014501,0.106041,0.238784,0.096844,0.103042,-0.022086,0.192927,-0.00488,0.010089,0.001997,0.019233,0.001053456
GOE 367 AIRFOIL,-0.01183,0.007764,0.179209,0.449061,0.039782,0.033931,0.023678,0.138668,0.093082,0.048734,-0.001713,-0.000365,0.001058072
GOE 412 AIRFOIL,0.037906,0.004669,0.059711,0.710648,0.003973,-0.059359,0.028845,0.156033,0.044414,0.013056,0.029902,-0.029799,0.001061376
EPPLER 1211 AIRFOIL,0.281877,0.010714,0.163403,0.215688,0.003656,0.208648,-0.041434,0.081241,-0.007653,-0.008847,0.062461,0.030245,0.001064362
GOE 480 AIRFOIL,0.041032,0.001907,0.146448,0.635883,0.003938,-0.028422,-0.000029,0.146013,0.009236,0.007126,0.04603,-0.009161,0.001065364
EPPLER 855 AIRFOIL,-0.085362,-0.015839,-0.113,0.965013,0.020701,0.14698,0.022315,-0.077763,0.004707,-0.014179,0.175445,-0.029019,0.001068606
FX 84-W-150,-0.054262,-0.00254,0.062566,0.682363,0.019513,0.044855,-0.006594,0.074614,0.156524,-0.015346,0.047255,-0.008948,0.001071674
SG6050,0.035486,0.000112,-0.051345,0.819354,0.005262,0.063666,0.032325,0.064639,0.017692,0.021761,-0.012878,0.003927,0.001077452
GOE 677 (= M 6) AIRFOIL,0.066939,-0.002147,0.157585,0.853025,-0.014681,-0.085361,0.029827,-0.021029,0.018558,0.062031,-0.094344,0.029597,0.001078828
EPPLER 422 AIRFOIL,0.037572,0.027096,0.306237,0.274998,0.038569,0.14346,-0.048168,0.200662,-0.050086,-0.020207,-0.015006,0.104872,0.001079508
GOE 533 AIRFOIL,-0.002325,0.000858,0.128262,0.708253,0.035098,0.115961,-0.019208,-0.002023,-0.00486,-0.041005,0.107977,-0.026988,0.001080064
NACA 63-412 AIRFOIL,-0.035757,0.001484,-0.100539,1.139564,0.016191,0.002848,-0.004974,-0.131706,0.046649,0.004886,0.091415,-0.030061,0.001080162
R140  12.04% (smoothed),-0.005368,-0.002737,-0.085755,1.281989,0.001755,-0.118159,0.043415,-0.190903,0.063845,0.027406,-0.002776,-0.012714,0.001081682
E184  (8.33%),0.075263,-0.000653,0.044638,1.187594,-0.002247,-0.105976,-0.010079,-0.078704,-0.032204,0.014501,-0.12637,0.034237,0.001083006
GOE 758 AIRFOIL,-0.009528,-0.00349,0.122304,0.713574,0.015595,0.077625,-0.001904,0.05693,0.017625,-0.032221,0.04458,-0.001089,0.001083896
E210  (13.64%),-0.038097,0.005969,-0.044746,0.93247,0.000727,0.0652,0.005451,-0.059932,0.005222,-0.007504,0.171253,-0.036012,0.001091226
BOEING-VERTOL VR-7 AIRFOIL WITH TAB,0.01034,0.013523,0.125238,0.891041,0.038828,-0.003266,-0.022974,-0.044264,0.060104,-0.03046,-0.047093,0.008982,0.001091992
GOE 326 (PFALZ 55) AIRFOIL,0.124138,0.01085,0.185101,0.837917,0.029738,-0.229555,0.014084,0.071783,0.002046,0.008043,-0.024673,-0.029474,0.0010934
BOEING-VERTOL VR-8 AIRFOIL,0.027499,0.007464,-0.007327,1.319344,-0.014295,-0.142294,0.007797,-0.176135,-0.027037,0.016835,-0.012371,0.000519,0.001096774
EPPLER 637 AIRFOIL,0.049012,0.003696,0.381215,0.656182,0.015824,-0.002295,-0.004109,-0.048177,0.009038,-0.00445,-0.117933,0.061995,0.00109863
EPPLER 397 AIRFOIL,-0.021478,0.003789,-0.169407,0.822259,0.05353,0.039064,-0.00593,0.07691,0.040118,0.026432,0.16859,-0.033877,0.001099342
BOEING-VERTOL VR-7 AIRFOIL,-0.005826,-0.000146,0.129787,0.952157,0.009157,-0.003522,0.003063,-0.062986,0.032184,-0.040908,-0.013347,0.000387,0.00110184
USA 22 AIRFOIL,0.199872,0.013451,0.202223,0.694438,0.016467,-0.190601,-0.002114,0.034522,0.003087,0.014909,-0.003204,0.016951,0.001102328
GOE 397 AIRFOIL,0.036806,0.00005,0.087181,1.14079,-0.00175,-0.271007,0.013869,0.008662,-0.028192,0.022295,-0.020324,0.011621,0.001103224
GOE 490 AIRFOIL,0.210622,0.003388,0.113618,0.78643,0.025873,-0.269772,0.037957,0.015983,0.016964,0.050011,0.008158,0.000768,0.001103574
FX 79-W-151 A,-0.014661,-0.008813,0.131398,0.669981,-0.001969,0.072999,0.006718,0.083533,0.085931,-0.021706,-0.013972,0.010561,0.001106492
NACA 65-410,-0.009767,0.002096,-0.107059,1.270248,-0.006689,-0.18362,0.022285,-0.132912,0.107824,0.005559,0.103173,-0.071138,0.0011138
CLARK K AIRFOIL,0.151817,-0.008354,-0.00504,0.828384,0.018501,-0.143464,0.045545,-0.005166,0.028576,0.045174,0.043887,0.00014,0.001115936
GOE 420 AIRFOIL,0.055318,0.0146,-0.021234,0.428712,0.053498,0.217695,-0.024028,0.117732,0.056925,0.029573,0.076258,-0.00505,0.001117324
GOE 399 AIRFOIL,0.036652,0.025178,0.116494,1.049394,-0.004926,-0.211243,-0.003006,0.022833,-0.021588,0.006257,0.012426,-0.028472,0.001117582
NACA 64(1)-212,-0.016033,0.000042,-0.110188,1.243738,0.004577,-0.027185,0.001362,-0.154023,0.054355,0.012779,0.034483,-0.043907,0.00111878
BOEING-VERTOL VR-8 AIRFOIL WITH TAB,0.025145,0.022166,-0.002383,1.284539,0.006071,-0.133357,-0.008852,-0.184588,-0.027995,0.027882,-0.007196,-0.001432,0.001123106
NACA M6,0.079813,-0.002299,0.185592,0.831388,-0.013104,-0.097473,0.033477,-0.019835,0.032747,0.042872,-0.101905,0.028726,0.00112355
NACA M16 AIRFOIL,0.029876,-0.004823,0.307953,0.899547,0.004782,-0.245928,0.016508,0.016465,-0.001901,0.021331,-0.126396,0.082585,0.001124322
MH 112  16.2%,0.025042,-0.000404,0.014712,0.336934,0.109972,0.090632,-0.005854,0.169535,0.095519,-0.007145,0.229682,-0.058625,0.001125634
NACA 64(2)-415 [NACA 6a series from Theory of Wing Sections],-0.075652,-0.000361,-0.097495,1.070964,0.011965,0.096777,-0.011459,-0.075447,0.087807,-0.005023,0.076875,-0.078951,0.001125688
R140 (original),-0.016076,-0.000275,-0.082111,1.270668,0.002583,-0.109412,0.039117,-0.19459,0.061923,0.034373,-0.003023,-0.003179,0.001132354
FX 63-137 13.7% smoothed,-0.015112,0.006061,-0.117057,0.818845,0.033624,0.075776,-0.017166,-0.037998,0.06452,-0.052093,0.320507,-0.079907,0.001136138
E385  (8.41%),-0.014994,-0.009094,0.016223,0.9783,0.016063,-0.092823,-0.012875,0.131212,-0.03196,0.028929,0.085821,-0.094801,0.00113714
MH 18  11.16%,0.053301,-0.029124,0.067996,1.008911,-0.008648,-0.089466,0.028745,0.061407,0.064315,-0.051492,-0.109108,0.003163,0.001140834
BELL/WORTMANN FX 69-H-083 AIRFOIL,0.047817,0.010449,0.075667,1.127965,-0.000161,-0.208365,0.018795,-0.070341,0.034681,0.006156,-0.053863,0.011199,0.00114292
GOE 285 AIRFOIL,0.166953,0.028002,0.14366,0.649669,0.032802,-0.136376,0.011301,-0.00245,0.032887,0.046163,0.037062,-0.009673,0.00114477
EPPLER 420 AIRFOIL,-0.059457,0.002031,0.245814,0.070957,0.060629,0.142479,-0.015233,0.284956,-0.015842,-0.037171,0.195738,0.1251,0.00114634
GOE 584 AIRFOIL,0.007654,0.000197,0.165431,0.641581,0.009821,0.024983,-0.004712,0.116507,0.024689,-0.001182,0.008089,0.006943,0.001146546
NACA M18,0.024885,-0.000093,0.306467,0.623101,-0.014671,-0.078568,0.019186,0.066087,0.049821,0.042895,-0.081854,0.042745,0.001149256
EPPLER 598 AIRFOIL,0.008292,0.035749,0.347839,0.571674,0.031852,0.105176,-0.088727,0.072433,-0.026263,-0.005827,-0.121393,0.069194,0.001151068
GOE 277 (DAIMLER VIII) AIRFOIL,0.138228,0.009801,0.188848,0.852013,0.012404,-0.242473,0.02111,0.02221,0.017186,0.00812,0.028983,-0.05643,0.001154932
GOE 623 AIRFOIL,0.080953,0.001503,0.089734,0.781635,0.011533,-0.070403,0.022953,0.022524,0.017208,0.021454,0.014303,0.006603,0.001155346
SPICA  11.73% smoothed,-0.030618,-0.000001,0.230155,0.710775,0.024766,-0.002267,0.00019,0.047088,0.009966,-0.001143,0.000298,0.01079,0.001157394
S7055 (10.5%) Flat-Bottomed,0.058815,0.000038,0.06821,0.928812,0.016217,-0.116272,0.020568,-0.002565,0.01349,0.012561,0.003236,-0.003111,0.001159672
EPPLER 434 AIRFOIL,-0.026101,0.000412,0.08263,0.711431,0.066893,-0.076158,0.009127,0.057762,0.156064,0.018356,-0.00401,0.003596,0.001162174
DAE-51 AIRFOIL,0.03313,0.011087,-0.017472,0.995611,0.0371,-0.11483,-0.003775,0.023824,-0.000597,0.018005,0.038595,-0.020681,0.001164856
NACA M4 AIRFOIL,0.026282,0.100632,0.16618,1.137883,-0.000008,-0.228319,-0.053079,-0.124936,-0.00977,0.02494,-0.087024,0.04722,0.001165826
GOE 336 (MVA H.44) AIRFOIL,0.022018,0.002097,0.343097,0.623166,0.01824,-0.175559,0.028379,0.078236,0.003055,0.028428,-0.057053,0.085895,0.001166528
GOE 517 AIRFOIL,0.109929,-0.008168,0.172449,0.896182,0.012868,-0.281512,0.033207,0.057641,0.016189,0.019829,-0.010939,-0.017675,0.001167004
GOE 451 AIRFOIL,0.019607,0.00683,0.097796,1.1206,-0.010839,-0.309962,0.01119,0.091241,-0.017539,0.000561,0.016488,-0.025974,0.001168874
NACA 64(1)-112,0.006465,0.00646,-0.111967,1.256744,0.006336,-0.028439,-0.006703,-0.163226,0.053095,0.021322,0.001143,-0.04123,0.001172204
EPPLER 715 AIRFOIL,-0.077338,0.007649,0.023447,0.980557,-0.013377,0.310515,-0.066311,0.028358,-0.078961,-0.052577,-0.057633,-0.004328,0.001173158
GOE 527 AIRFOIL,0.035258,-0.00115,0.223898,0.335922,0.076182,0.138768,-0.006785,0.169968,0.038328,-0.011174,-0.007949,0.008734,0.0011749
GOE 604 AIRFOIL,0.111361,0.002909,0.298008,0.168963,0.102244,0.186025,-0.018198,0.125661,0.026784,-0.00298,-0.053377,0.052601,0.001174902
GOE 590 AIRFOIL,0.001052,-0.005531,0.255874,0.981977,-0.007386,-0.277492,0.023395,-0.043064,0.022932,0.020376,-0.068889,0.096757,0.001177448
GOE 796 AIRFOIL,0.130613,-0.000898,0.006118,0.827593,0.00445,-0.150616,0.049939,0.032504,0.038197,0.039425,0.040038,-0.017362,0.00118155
GOE 436 AIRFOIL,0.172977,0.003398,0.127262,0.700198,0.036705,-0.172494,0.027996,-0.015105,0.046983,0.030777,0.056343,-0.015041,0.001182048
NACA 6412,0.02786,0.00169,0.078141,0.663578,0.009473,-0.06723,0.025825,0.114363,0.027674,0.002151,0.107578,0.008895,0.001182866
GOE 438 AIRFOIL,0.166828,0.005084,0.128101,0.67807,0.063424,-0.161252,0.022349,-0.006957,0.030392,0.048958,0.042844,-0.017842,0.00118612
NACA M17 AIRFOIL,0.036153,-0.004926,0.305414,0.80472,0.016399,-0.191115,0.017868,0.036949,0.017278,0.016544,-0.143699,0.088414,0.001188162
DF 101 AIRFOIL,0.199519,0.004647,-0.047467,0.865695,0.081331,-0.137265,0.012443,-0.031139,-0.00211,0.079791,-0.032877,0.007432,0.001189
NACA 63(3)-618,-0.114525,0.009955,-0.081131,0.788264,0.064397,0.251798,-0.035053,-0.067859,0.092787,-0.010113,0.150634,-0.049155,0.00118979
FX 74-080,-0.055094,-0.006818,-0.096498,1.217178,0.009366,-0.261749,0.036251,0.019063,0.088142,0.012997,0.070239,-0.033076,0.001190736
M6 (65%),0.118262,-0.001571,0.070304,1.145265,-0.010774,-0.244941,0.03577,-0.117806,-0.002418,0.053419,-0.06237,0.016859,0.001192198
GOE 309 (MVA H.41) AIRFOIL,0.071187,-0.000157,0.328457,0.705721,0.010128,-0.234861,0.030841,0.053529,0.045845,0.026509,-0.079207,0.042008,0.00119318
CAL2263m,0.134084,-0.006838,0.004191,0.843582,0.0325,-0.146995,0.043511,0.012546,0.03596,0.034622,0.023666,-0.010827,0.001196588
GOE 308 (MVA H.40) AIRFOIL,0.121679,0.003486,0.292495,0.687398,0.026621,-0.267071,0.033656,0.084127,0.007461,0.051579,-0.03469,-0.006742,0.001196696
NACA 63-212 AIRFOIL,-0.010137,0.031115,-0.094361,1.165435,0.016728,0.009574,-0.037024,-0.159935,0.047231,0.028979,0.039561,-0.037167,0.001197814
CLARK Y AIRFOIL,0.140418,-0.006881,0.032109,0.801027,0.012623,-0.134993,0.044187,-0.007073,0.027905,0.040131,0.053102,-0.002556,0.001198362
GOE 619 AIRFOIL,0.210268,0.035188,0.01935,0.571767,0.005937,-0.00957,-0.022347,0.136242,0.017227,0.022627,0.015256,-0.001945,0.00119993
GOE 81 AIRFOIL,0.006987,0.051247,0.26491,0.777399,0.03224,-0.213751,-0.024408,0.113571,0.032371,-0.021186,0.025589,-0.044967,0.00120157
S5010,0.077513,0.065124,0.164614,0.986851,0.002376,-0.012034,-0.077489,-0.058496,-0.022177,-0.017474,-0.130383,0.021576,0.001203704
GOE 286 AIRFOIL,0.107429,0.055597,0.21227,0.802169,0.021766,-0.159345,-0.024293,0.008792,0.001691,0.007913,-0.012367,-0.021622,0.00120485
S8037 (16%),0.003819,-0.009766,0.09021,0.762079,0.041222,0.064084,0.027284,-0.031615,0.07822,-0.003382,-0.020825,-0.001331,0.00120507
NACA 64(2)-415,-0.079864,0.000127,-0.102779,1.046651,0.028465,0.095239,-0.009649,-0.105607,0.092877,-0.002806,0.087193,-0.049847,0.001207672
GOE 620 AIRFOIL,0.099204,0.005606,0.023235,0.323362,0.090335,0.112232,0.004027,0.1941,0.052444,0.02018,0.088986,-0.013711,0.001208378
AH 79-100 B AIRFOIL,-0.058096,0.002348,-0.099183,0.976513,0.013585,-0.08819,0.003993,0.008807,0.054978,-0.036931,0.30855,-0.086375,0.00120931
S4061-096-84,0.035993,0.017414,0.030302,0.947613,0.009436,-0.054651,-0.032072,0.052848,-0.002309,0.007245,0.00821,-0.020029,0.001211014
MRC-16,0.016079,-0.001816,0.055402,0.821274,0.027702,-0.031046,0.032048,-0.00472,0.060406,0.026098,-0.001728,0.0003,0.001211202
FX 84-W-175,-0.078669,-0.004723,0.057284,0.580877,0.01088,0.145779,-0.014175,0.137631,0.17118,-0.004627,0.059838,-0.061275,0.00121784
NACA 64-209,0.008776,0.023911,-0.102031,1.295581,0.023996,-0.136288,-0.01793,-0.174106,0.028493,0.060164,0.044005,-0.054571,0.001217966
GOE 419 AIRFOIL,0.026194,0.000461,0.124975,1.122312,0.001584,-0.300345,0.028106,0.001129,-0.006208,0.011773,-0.009978,-0.000003,0.001229934
HORSTMANN AND QUAST HQ-17/14.38 AIRFOIL (MEASURED),-0.103274,-0.00571,-0.023529,0.676401,0.107779,-0.10123,0.022334,0.025926,0.275865,0.033997,0.101667,-0.010226,0.001230476
GOE 284 AIRFOIL,0.049485,0.01269,0.255558,0.261244,0.013663,0.191376,-0.013482,0.133242,0.039348,-0.001455,0.01597,0.042362,0.001231018
DEFIANT CANARD BL110 AIRFOIL,-0.011932,-0.004786,0.194553,0.649419,0.027916,0.037133,0.010315,0.009204,0.092319,-0.005297,0.000814,0.000342,0.001231446
E220  (11.48%),0.057711,-0.003085,0.072633,0.994872,0.007026,-0.059425,0.004358,0.045539,0.032895,-0.017415,-0.141435,0.006326,0.001236192
MH 44  9.66%,0.157355,0.042772,0.013747,1.085183,0.007896,-0.10867,-0.028582,-0.065365,-0.023976,0.01244,-0.096015,0.003216,0.001238586
GOE 177 AIRFOIL,0.115031,0.007482,0.208425,0.794684,0.009852,-0.199515,0.004395,0.056144,-0.04024,0.025249,0.003782,0.014711,0.001239256
GOE 797 AIRFOIL,0.069241,0.006721,0.059114,0.510927,0.001918,0.002801,0.036729,0.136715,0.077614,0.041361,0.076562,-0.019704,0.001240942
GOE 692 AIRFOIL,0.082239,0.007664,0.058939,0.50578,0.006333,-0.003,0.03184,0.167682,0.085076,0.038578,0.063242,-0.044372,0.001241714
NACA 65-210,0.027758,0.011351,-0.112277,1.291151,0.00294,-0.187093,0.010753,-0.168077,0.110065,0.019328,0.037746,-0.043648,0.00124264
GOE 591 AIRFOIL,0.02472,-0.000004,0.155877,0.739792,0.01421,-0.073582,0.012729,0.09299,0.021118,0.002992,0.012016,-0.002859,0.001242994
PMC19 Smoothed,-0.004272,0.023908,0.243198,1.131171,0.005109,-0.109184,-0.015596,-0.26479,0.042525,-0.012905,0.000111,-0.039275,0.001244432
GOE 137 (MVA H.15) AIRFOIL,0.023717,0.016957,0.173922,0.890905,0.013587,-0.127733,-0.005598,0.034849,-0.024754,0.01418,-0.007987,-0.002045,0.00124486
USA 51 AIRFOIL,0.159007,0.0036,0.08063,0.986416,0.009786,-0.217954,0.035828,-0.109871,0.01658,0.027643,0.018706,-0.010371,0.0012463
GOE 693 AIRFOIL,0.111106,0.001683,0.003258,0.824297,0.016656,-0.132555,0.044287,0.03494,0.021091,0.054856,0.030109,-0.009729,0.00124633
GOE 676 (= M 12) AIRFOIL,0.080047,-0.000137,0.081685,0.898721,0.002941,-0.111849,0.034803,-0.074141,0.036741,0.062166,-0.012284,0.001306,0.001246574
RAF 28 AIRFOIL,0.066701,0.025715,-0.035171,1.107007,0.010234,-0.115962,-0.00034,-0.083663,-0.019207,0.050656,-0.012654,0.006682,0.00124658
GOE 549 AIRFOIL,-0.005814,-0.007125,0.116991,0.744802,0.008966,0.075188,0.005955,0.06451,0.004976,-0.039481,0.03519,-0.004157,0.00124758
GOE 359 AIRFOIL,0.03035,0.028274,0.232548,0.79531,0.022384,-0.15968,-0.018865,0.116029,-0.027736,0.010234,-0.00146,-0.027386,0.001249298
E591,0.141499,0.025342,-0.011038,0.292553,0.149811,0.081735,-0.031955,0.022724,0.018919,0.051192,0.292553,-0.033334,0.001249308
WORTMANN FX 63-137 AIRFOIL,-0.042118,0.042576,-0.119033,0.761417,0.105482,0.090087,-0.047872,-0.056955,0.040409,-0.018412,0.334456,-0.090036,0.001249798
GOE 143 (MVA H.20) AIRFOIL,0.19912,0.021905,0.133505,0.885827,0.032478,-0.269135,0.004292,-0.007047,-0.004927,0.030889,0.01953,-0.046438,0.001249882
AH 88-K-130/20,-0.080126,-0.005024,-0.07676,0.912584,0.061939,-0.164757,0.025765,-0.020768,0.242829,0.01937,0.121304,-0.036356,0.00125171
GOE 526 AIRFOIL,0.165654,0.003611,0.123047,0.622939,0.014914,-0.118718,0.017621,0.133109,0.052219,0.041654,-0.022391,-0.03366,0.001254204
GOE 155 (SSW D.1) AIRFOIL,0.075916,0.000787,0.194966,0.940665,-0.009219,-0.259203,0.022323,0.129779,0.003603,-0.025825,0.00358,-0.077371,0.001254708
GOE 439 AIRFOIL,0.048746,0.004811,0.176607,0.883456,0.010492,-0.176839,0.002553,0.095547,-0.022301,0.008027,0.032027,-0.063125,0.00125632
NACA 65(1)-412,-0.027887,-0.000541,-0.099643,1.145012,0.015984,-0.123657,0.017203,-0.116462,0.144918,0.01216,0.101763,-0.06885,0.001258938
AVISTAR,0.011297,0.000044,0.019014,0.906502,0.001657,0.000984,0.036492,-0.043269,0.038461,0.022808,0.007892,-0.001882,0.00125943
EPPLER 332 AIRFOIL,0.096332,0.007143,0.34223,0.728371,0.028868,-0.071154,0.001215,-0.03856,0.020662,0.0193,-0.173846,0.03944,0.001262768
AIRFOIL PROFILE12A 9.00%,0.117505,0.008155,-0.013747,1.064883,0.028641,-0.217702,0.022793,-0.195785,0.050095,0.061129,0.067989,0.006045,0.001264036
WORTMANN FX 77-W-153 AIRFOIL,0.032499,-0.000424,0.469826,0.389414,0.005483,0.148925,-0.011596,-0.007987,-0.018951,-0.016306,-0.04784,0.056956,0.00126492
NACA M10 AIRFOIL,0.066583,0.050337,0.062282,1.178404,0.010621,-0.256763,-0.017051,-0.123207,-0.016271,0.072241,-0.03382,0.006644,0.001265898
WB-140/35/FB 14%,0.121813,-0.019524,-0.043973,0.78395,0.012673,-0.066554,0.052505,0.100897,0.05157,0.022103,-0.014867,-0.000594,0.001267052
GOE 625 AIRFOIL,0.080217,0.00827,0.254594,0.091407,0.017394,0.163577,0.015891,0.207265,0.101289,0.00508,0.072236,-0.017219,0.001267202
S3024 9.84%,0.096251,0.004846,0.015641,0.977699,0.019618,-0.147145,0.013807,0.019872,0.015506,0.010637,-0.006868,-0.019863,0.001267962
GOE 681 AIRFOIL,0.190125,0.001639,0.16829,0.29012,0.028226,0.081481,0.002678,0.129981,0.067439,0.024137,0.01802,-0.002135,0.001270072
BOEING 106 AIRFOIL,0.046657,-0.008341,0.09182,0.779895,0.019016,-0.043177,0.029537,-0.001466,0.049797,0.02044,0.004629,0.011193,0.001272256
EPPLER 333 AIRFOIL,0.060245,0.008905,0.350987,0.676689,0.038851,-0.048658,-0.003416,-0.021685,0.019667,0.024501,-0.144805,0.03872,0.00127358
"NACA 63,3-418",-0.061483,0.004017,-0.076946,0.897096,0.015694,0.243171,-0.036039,-0.033376,0.085586,-0.009209,0.081405,-0.109915,0.001273824
GOE 458 AIRFOIL,0.037554,0.004584,0.026048,0.991649,-0.00185,-0.206538,0.01447,0.070714,-0.009376,0.005303,0.058238,0.009204,0.001278332
GOE 449 AIRFOIL,0.025441,0.000102,0.096058,0.309707,0.145211,0.039124,0.015888,0.170829,0.103633,0.083079,0.026614,-0.015685,0.001279346
NACA 63-215 AIRFOIL,-0.020651,0.000088,-0.102415,1.083008,0.004873,0.130664,-0.018099,-0.129069,0.05625,-0.002696,0.022119,-0.024072,0.001279666
GOE 257 AIRFOIL,0.022437,0.001245,0.154752,1.008729,0.001618,-0.191259,0.043709,-0.010152,-0.026589,0.003871,0.004752,-0.013113,0.001280998
E214  (11.1%),0.006569,0.002388,-0.094919,1.039167,0.006096,-0.097121,0.027587,-0.102824,0.038321,0.006848,0.232066,-0.064178,0.001281912
GOE 701 AIRFOIL,0.200652,0.00922,0.086911,0.528627,0.034899,-0.146395,0.024951,0.141022,0.063173,0.044523,0.020244,-0.007827,0.001282194
GOE 528 AIRFOIL,0.026349,0.000022,0.204748,0.551725,0.054619,-0.001147,0.000973,0.141201,0.012374,-0.026743,0.005042,0.030839,0.00128303
MB253515 15.0% smoothed,-0.003907,-0.013489,0.042717,0.811377,0.056023,0.010546,0.028722,-0.050834,0.093817,0.019862,-0.000954,0.006121,0.001286476
EPPLER 682 AIRFOIL,-0.015528,-0.001561,0.050493,0.671415,0.080249,-0.102403,0.019562,0.045285,0.236754,0.068393,-0.047703,-0.004957,0.00128745
S9037 (9%),0.088056,0.020421,0.039296,1.004668,0.003339,-0.141415,-0.006149,-0.020568,0.001125,0.004986,0.013358,-0.007117,0.001287854
SA7038,0.123479,0.031883,0.002837,0.967346,0.040888,-0.159099,-0.01456,-0.042708,0.005828,0.034108,0.042584,-0.032587,0.001289824
NACA 4412,0.103269,0.002697,0.021587,0.789088,0.013423,-0.105447,0.035856,0.009955,0.015676,0.036015,0.075217,0.002664,0.001293008
HQ 2.5/9 AIRFOIL,0.067221,0.044942,-0.078029,1.129052,0.077874,-0.191846,-0.012875,-0.151715,0.041797,0.023584,0.115094,-0.065098,0.001295448
GOE 174 (ALBATROS 5020) AIRFOIL,0.084993,0.066971,0.226131,0.752252,-0.000133,-0.159144,-0.039377,0.066788,0.000468,-0.017476,0.004813,0.013714,0.001297838
GOE 122 (MVA H.2) AIRFOIL,0.144895,0.008162,0.18073,0.900318,0.020782,-0.251,0.012997,-0.000358,0.002206,0.003549,-0.016792,-0.005488,0.001298372
CLARK-Y 11.7% smoothed,0.153419,-0.005961,0.030236,0.788728,0.038697,-0.147321,0.045737,0.006014,0.020309,0.045193,0.033151,-0.008201,0.00130015
MH 113  14.62%,0.007728,0.000409,0.013853,0.509052,0.051289,0.046397,0.000694,0.103617,0.094378,-0.030312,0.238167,-0.035272,0.001300154
GOE 402 AIRFOIL,0.028625,0.039583,0.30366,0.80452,0.025609,-0.198807,-0.02738,0.053777,-0.003446,-0.014552,-0.010249,-0.00134,0.001300488
GOE 405 AIRFOIL,0.021613,-0.010302,0.199898,0.561926,-0.005144,-0.118082,0.026609,0.184548,0.072124,0.005187,0.078285,-0.016662,0.001300714
HQ 1.5/8 AIRFOIL,0.111799,0.036276,-0.097518,1.278259,0.040132,-0.217559,-0.010054,-0.152567,0.018433,0.024881,0.028362,-0.060444,0.00130411
FX 76-MP-120,-0.074995,0.009553,0.029403,0.617557,0.016801,-0.071995,-0.00662,0.153155,0.175288,-0.043646,0.251058,-0.055558,0.001305684
M6 (85%),0.073456,-0.002673,0.142236,0.963576,-0.006313,-0.158004,0.036419,-0.079973,0.018986,0.049648,-0.051274,0.013918,0.001306392
EH 2.0/12,0.044526,0.082711,0.223701,0.804683,0.004324,0.026388,-0.079937,-0.108561,0.025001,0.04089,-0.084537,0.020809,0.001307334
MH 22  7.2%,0.095448,0.002613,0.050389,1.100809,0.021148,-0.148349,-0.021712,-0.081957,-0.038178,0.076211,-0.071339,0.014917,0.001308806
NACA 64-215 AIRFOIL,-0.042129,-0.002856,-0.106377,1.116834,0.010261,0.085208,-0.005926,-0.127646,0.087753,-0.000439,0.032861,-0.047545,0.001309754
GOE 101 AIRFOIL,0.060831,0.004698,0.150569,1.023378,0.007086,-0.201998,0.00324,-0.028461,-0.021981,0.000116,0.001162,0.00136,0.001312396
EPPLER 398 AIRFOIL,-0.041812,0.002084,-0.084794,0.707233,0.038806,0.117975,-0.034371,0.093755,0.047855,0.033533,0.143555,-0.023819,0.00131753
GOE 553 AIRFOIL,0.004308,0.003719,0.141603,0.707022,0.024748,0.124399,-0.022401,-0.003638,-0.007592,-0.050298,0.106092,-0.027962,0.001317624
GOE 585 AIRFOIL,0.261533,0.009187,0.045229,0.861721,0.051614,-0.293354,0.027658,0.002578,-0.004695,0.064468,-0.005753,-0.020186,0.001320988
MH 32  8.7%,0.126311,0.028552,-0.032355,1.074813,0.035464,-0.174903,-0.009811,-0.081547,0.002045,0.038299,0.00339,-0.010257,0.001323972
GOE 647 AIRFOIL,0.215987,-0.002592,0.193954,0.255227,0.101916,0.064991,-0.001048,0.152844,0.022624,0.007245,-0.008419,-0.002728,0.001324056
AG53,0.151924,0.048672,-0.022946,1.121117,0.01111,-0.1974,-0.023838,-0.123701,-0.004392,0.046369,0.008471,-0.015387,0.001324164
GOE 423 AIRFOIL,-0.060614,-0.007346,0.1197,0.535453,0.017005,0.091696,0.030221,0.153285,0.071749,0.02318,0.03722,-0.011551,0.001324874
NACA M12 AIRFOIL,0.079308,0.015482,0.067363,0.924146,-0.011338,-0.115464,0.030192,-0.083482,0.037327,0.054454,-0.013298,0.015311,0.00132547
S3014-095-85,0.120419,0.009193,0.029726,1.020021,0.015312,-0.138728,0.002411,-0.038659,0.002239,0.014104,-0.028592,-0.007447,0.001325968
GIII BL145 AIRFOIL,0.066662,0.00837,0.002963,1.242199,0.011742,-0.278975,0.031252,-0.170468,0.075481,0.03717,-0.01498,-0.011418,0.001326898
FX 73-CL1-152,0.031132,0.053075,0.363241,0.214553,-0.000869,0.278104,-0.110793,0.117474,-0.06889,0.016814,0.075078,0.031081,0.001327206
GOE 180 (MVA H.26) AIRFOIL,0.09401,0.008805,0.139381,0.868392,0.015307,-0.177587,0.016012,0.006706,-0.0247,0.027977,0.038185,-0.012488,0.00132734
GOE 632 AIRFOIL,0.051325,-0.003473,0.232515,0.580829,0.031795,-0.026711,0.026247,0.124867,0.044893,0.033353,-0.159816,0.064177,0.001328012
NACA 65(1)-212,-0.007197,-0.000611,-0.103571,1.23119,-0.000618,-0.110548,0.016841,-0.137899,0.116531,0.021756,0.037443,-0.063316,0.001329088
GOE 311 (MVA H.43) AIRFOIL,0.095691,0.015745,0.317499,0.489583,0.037814,-0.198414,0.001499,0.180685,0.004077,0.054638,-0.103584,0.104767,0.001329824
GOE 448 AIRFOIL,-0.076576,-0.005183,0.251829,0.216132,0.039702,-0.052168,0.019317,0.436316,0.097107,-0.037321,0.123714,-0.012868,0.001329934
GIII BL167 AIRFOIL,0.075328,0.000992,0.011137,1.229634,0.011664,-0.288111,0.038841,-0.167946,0.074568,0.043279,0.005208,-0.034594,0.001329936
NACA M5 AIRFOIL,0.090403,-0.002587,0.156362,1.014305,0.001126,-0.223515,0.039241,-0.096133,-0.001256,0.043375,-0.081455,0.060133,0.001330026
HQ 1.5/10 AIRFOIL,0.083133,0.071089,-0.084281,1.056012,0.101333,-0.148651,-0.04461,-0.203155,0.061028,0.055577,0.084749,-0.032226,0.00133048
NACA 64(3)-618,-0.160541,0.004223,-0.098691,0.860246,0.076695,0.231707,-0.024279,-0.054406,0.101059,-0.002328,0.13788,-0.071565,0.001335072
GOE 210 (DAIMLER) AIRFOIL,0.101669,0.02345,0.101713,1.064775,0.011439,-0.294343,0.009686,0.038033,0.011922,0.004523,0.026804,-0.099671,0.001335532
GOE 255 (MVA CA.6) AIRFOIL,0.026234,0.002127,-0.035745,0.546382,0.097804,0.183283,0.012331,0.150897,0.010169,0.009135,-0.002849,0.00023,0.001337812
GOE 329 (PFALZ 58) AIRFOIL,0.027185,0.001523,0.271691,0.712307,-0.003367,-0.17008,0.027325,0.092064,0.051604,-0.007707,0.066795,-0.069341,0.001341444
FX 66-H-60,0.207789,0.0197,0.217056,1.116639,0.016622,-0.278231,-0.002686,-0.200415,-0.035232,0.047708,-0.114877,0.005926,0.001341904
HQ 2.0/10 AIRFOIL,0.081919,0.040524,-0.074658,1.108226,0.050223,-0.168068,-0.009683,-0.180302,0.076513,0.007561,0.121746,-0.054002,0.001346364
E476,0.071369,0.000432,-0.073728,0.917723,0.008746,0.110452,0.00079,-0.154175,0.096085,0.033212,-0.009836,-0.00107,0.001346582
MH 115  11.06%,-0.017042,0.010333,-0.018704,0.836214,0.028239,-0.03377,-0.003488,0.02604,0.022526,-0.009215,0.164679,-0.005811,0.00134691
NACA M11 AIRFOIL,0.110599,0.002909,0.070916,1.093635,-0.002587,-0.237484,0.034873,-0.114152,0.003084,0.049391,-0.019448,0.008263,0.001347512
NACA 64(2)-215,-0.03763,-0.002781,-0.106618,1.109164,0.009026,0.081578,-0.005469,-0.130922,0.093547,-0.002512,0.03239,-0.039773,0.001347962
EPPLER 361 AIRFOIL,0.039829,0.000246,0.133494,0.938693,0.00444,-0.049712,0.009853,-0.122043,0.063496,0.015664,-0.058028,0.024069,0.001353554
HQ 2.0/9 AIRFOIL,0.09257,0.010859,-0.081932,1.207578,0.028628,-0.194106,0.015139,-0.158822,0.041337,0.007438,0.088533,-0.057223,0.001354886
AH 93-157,-0.041521,-0.004298,0.109102,0.573455,0.087911,-0.024012,0.012178,0.114963,0.1812,0.052639,-0.062232,0.000614,0.001355082
EPPLER 485 AIRFOIL,0.084566,-0.000999,0.053331,0.932354,0.013214,-0.063285,0.014102,-0.137912,0.074082,0.049889,-0.036218,0.016876,0.001356868
GOE 167 (V.KARMAN PROP.2) AIRFOIL,-0.006309,0.000244,0.224807,0.86095,-0.006616,-0.110631,0.02289,0.005944,0.000818,-0.012977,0.022091,-0.001211,0.001357746
GOE 408 AIRFOIL,0.0934,0.000968,0.140187,1.008728,0.003539,-0.298893,0.068041,-0.034346,-0.016294,0.013297,0.036797,-0.015423,0.00135792
S5020,0.087112,0.028299,0.206846,1.002714,0.004704,-0.083562,-0.046327,-0.05245,-0.010655,-0.033436,-0.130075,0.026829,0.001358172
E477,0.087181,0.005831,-0.077652,0.983407,0.003636,0.093562,-0.007078,-0.165443,0.049402,0.038507,-0.013001,0.001649,0.00135874
GOE 654 AIRFOIL,0.079419,-0.00203,0.244764,0.445192,0.064264,0.067869,-0.0065,0.096408,0.009839,-0.00572,0.013083,-0.006589,0.001358862
74-130 WP2 MOD,-0.068877,0.002428,0.003266,0.913041,0.014513,-0.1423,0.008219,0.049601,0.232789,0.0019,0.037644,-0.052224,0.001360502
EPPLER 328 AIRFOIL,0.028434,-0.000435,0.334351,0.633767,0.042192,-0.009893,0.003933,-0.095842,0.075505,0.03888,-0.100009,0.049118,0.001361066
CURTISS CR-1 AIRFOIL,0.173818,-0.000132,0.121836,0.526165,0.013488,-0.118842,0.018747,0.164084,0.056872,0.046339,0.001517,-0.003892,0.001363578
EPPLER 639 AIRFOIL,0.007446,0.001601,0.408731,0.554673,0.046507,0.011101,-0.002843,0.004173,0.016318,-0.013367,-0.071238,0.036899,0.001366294
GOE 303 (FRIEDRICHSHAFEN G03) AIRFOIL,0.128425,0.003808,0.180451,0.672462,0.039225,-0.216809,0.036206,0.12587,0.025608,0.004017,0.035458,-0.03472,0.001370696
GOE 389 AIRFOIL,0.067581,0.000374,0.092995,0.862459,0.01698,-0.09087,0.015413,0.035236,-0.032111,0.026867,0.009238,-0.004163,0.001370832
GOE 630 AIRFOIL,-0.011796,-0.000317,0.292142,0.41632,0.026992,-0.002036,0.00067,0.230381,0.040217,-0.05188,0.048692,0.010616,0.00137149
EPPLER 1230 AIRFOIL,0.073544,0.001035,0.201561,0.462122,0.092652,0.110131,0.01489,-0.062776,0.047556,0.032556,0.091165,-0.064437,0.001372586
EPPLER 327 AIRFOIL,0.053571,-0.000133,0.332158,0.67641,0.034578,-0.028171,0.008224,-0.123161,0.076805,0.03381,-0.129718,0.065628,0.001375126
GOE 310 (MVA H.42) AIRFOIL,0.14834,0.000456,0.152238,0.680763,0.0147,-0.247243,0.031306,0.102462,0.015109,0.053816,-0.105177,0.153228,0.001378878
MH 114  13.02%,-0.013243,0.002878,-0.019374,0.680353,0.03719,-0.007707,0.005801,0.069789,0.080612,-0.03156,0.230683,-0.035421,0.001379412
MH 42  8.94%,0.05546,0.015133,0.032617,1.117973,-0.011488,-0.078582,-0.018317,-0.096817,-0.024067,0.019793,-0.040206,0.028503,0.00138122
S4022,-0.003449,0.003576,-0.141366,1.052487,0.002709,-0.123234,0.028441,-0.135061,0.100849,-0.013274,0.307694,-0.079371,0.001382496
EPPLER 334 AIRFOIL,0.022599,0.011291,0.352621,0.62497,0.04914,-0.031843,-0.006833,-0.026487,0.030665,0.020696,-0.099678,0.052859,0.001382736
CLARK YM-15 AIRFOIL,0.146925,0.010248,0.068523,0.523145,0.06723,-0.021589,0.016608,0.04847,0.060995,0.064576,0.014973,-0.000103,0.001383124
RG 12A-1.8/9.0 AIRFOIL,0.113627,0.02924,-0.017439,1.125203,0.006048,-0.207387,0.010364,-0.182291,0.038496,0.041704,0.03807,0.004366,0.0013906
EPPLER 554 AIRFOIL,-0.105118,0.001082,-0.078395,0.94013,0.005492,0.338509,-0.025779,-0.159815,-0.003863,-0.056997,0.181437,-0.036683,0.001390918
SD8040 (10%),0.15936,0.033384,0.013593,0.887032,0.051418,-0.160664,-0.014308,-0.091092,0.038382,0.047092,0.064059,-0.028256,0.001392156
GOE 393 AIRFOIL,0.064304,0.038459,0.303616,0.8251,-0.004322,-0.196046,-0.030298,-0.037443,-0.051627,0.040244,-0.015105,0.063117,0.001393146
SD7062 (14%),0.072399,0.003888,0.118447,0.622595,0.046587,0.093643,-0.023122,0.007845,0.01465,-0.007123,0.046483,0.003708,0.00139373
CLARK X AIRFOIL,0.121652,-0.003152,0.001922,0.869691,-0.005584,-0.122103,0.039828,0.009371,0.013081,0.0501,0.051009,-0.025813,0.001394424
PSU-90-125WL,0.046472,0.000008,-0.062795,0.97741,0.016972,-0.051111,0.015672,-0.098017,0.075428,0.014148,0.08052,-0.014708,0.001395344
S8038 (13%),0.130378,0.016552,-0.049369,1.013878,0.031131,-0.06832,0.015483,-0.167645,0.044076,0.036675,0.026635,-0.029475,0.001395466
GOE 372 AIRFOIL,0.068475,0.006557,0.039675,1.043236,-0.004583,-0.229672,0.000915,0.062814,-0.038557,0.055156,0.011556,-0.015571,0.001397036
EPPLER 668 AIRFOIL,-0.006996,-0.003785,-0.071172,0.816272,0.015768,-0.10436,0.023944,-0.035305,0.240943,-0.010393,0.156537,-0.021454,0.001397608
EPPLER E662 AIRFOIL,-0.03323,-0.005118,-0.034531,0.691484,0.049892,-0.120434,0.033054,-0.023106,0.274583,0.037234,0.149018,-0.018845,0.001397716
NACA 4415,0.127043,0.01088,0.03485,0.635361,0.006827,-0.014839,0.026265,0.064461,0.04789,0.025951,0.046768,-0.011456,0.00140011
FX 66-S-171 AIRFOIL,-0.223663,0.002827,0.026774,0.916319,-0.013385,0.38071,-0.049764,0.017746,-0.039635,-0.05791,0.048354,-0.008372,0.001400278
NACA 63-210 AIRFOIL,0.011007,0.014516,-0.100438,1.227795,0.030232,-0.067861,-0.02237,-0.158949,0.015787,0.063376,0.025979,-0.039074,0.00140042
EPPLER 856 AIRFOIL,-0.087995,0.001028,-0.057019,0.767783,0.032459,0.253571,0.001613,-0.034962,-0.000848,-0.020222,0.169031,-0.02444,0.00140247
EPPLER 558 AIRFOIL,0.203715,-0.015102,-0.080448,0.579582,0.07306,0.075433,0.012695,-0.042152,-0.005138,0.043991,0.167343,-0.012978,0.001406266
EPPLER 657 AIRFOIL,-0.063579,0.002846,-0.008878,0.618815,0.099551,-0.00364,-0.001076,0.069607,0.2041,0.028969,0.064657,-0.011372,0.001407152
GOE 142 (MVA H.19) AIRFOIL,0.15412,0.009086,0.148737,0.993897,0.004789,-0.311286,0.021153,-0.02175,-0.002904,0.024798,0.025503,-0.046143,0.001407206
EPPLER 338 AIRFOIL,0.031894,0.000148,0.389517,0.555958,0.060803,0.00712,0.002978,-0.016392,0.026216,0.03807,-0.153864,0.057552,0.001409948
GOE 770 AIRFOIL,-0.000606,-0.002921,0.279643,0.345066,0.061671,0.343901,-0.012508,0.031035,0.031982,-0.03708,-0.036063,-0.004118,0.001412866
AH 80-129,-0.090997,-0.018124,0.039615,0.93042,0.007742,-0.071465,0.018654,0.127226,0.164588,-0.042164,-0.058927,-0.006568,0.001413374
NACA 63-015A AIRFOIL,0.023773,-0.000125,-0.094958,1.114926,0.002269,0.037664,0.02169,-0.175157,0.051775,0.039064,-0.003814,-0.017105,0.00141612
E392  (10.15%),-0.019903,0.010284,0.017795,0.920524,0.045609,-0.000236,-0.053841,0.041692,0.011576,0.051008,0.006952,-0.03146,0.00141634
KC-135 BL52.44 AIRFOIL,0.016094,-0.009966,0.00258,0.983371,0.076408,0.056849,0.020931,-0.116704,0.054192,-0.010216,-0.036748,-0.036792,0.00141761
WASP (smoothed),0.137083,0.102337,0.042801,0.910428,0.055697,-0.153116,-0.059555,-0.054972,-0.026168,0.053054,0.020516,-0.028105,0.00141785
NACA 65-209,0.00644,0.003234,-0.125564,1.361754,0.015126,-0.192886,0.023262,-0.189814,0.051883,0.035786,0.037603,-0.026823,0.001418914
EPPLER 376 AIRFOIL,0.027289,0.00078,0.633398,0.585446,0.025544,-0.43047,-0.013565,0.19075,-0.013569,-0.015244,-0.018421,0.028063,0.001419968
GOE 437 AIRFOIL,0.036783,0.009933,0.139025,0.990631,0.002519,-0.19586,0.005203,0.051431,-0.038787,0.007412,0.031948,-0.040237,0.001423412
HQ 3.0/9 AIRFOIL,0.042167,0.065043,-0.0655,1.109766,0.08331,-0.186884,-0.026187,-0.146088,0.044652,0.012908,0.146161,-0.079348,0.00142404
GOE 134 (MVA H.12) AIRFOIL,0.105649,0.001542,0.131034,0.947678,0.008233,-0.225488,0.055648,-0.043483,-0.006525,0.020452,0.033756,-0.028496,0.001424124
FX 76-MP-140,-0.025808,-0.009434,0.036067,0.559724,0.00654,-0.025909,0.003214,0.218037,0.185219,-0.035968,0.209782,-0.121464,0.00142444
EPPLER 553 AIRFOIL,-0.087497,0.000942,-0.172987,0.982362,0.040041,0.26064,-0.011881,-0.104434,0.028816,-0.030903,0.180421,-0.08552,0.001426298
GOE 314 (HANSA-BRANDENBURG) AIRFOIL,0.148975,0.011626,0.300155,0.73832,0.018533,-0.249074,0.013184,0.032602,0.019605,0.014762,0.007618,-0.056305,0.001428202
GOE 342 AIRFOIL,0.079359,0.04741,0.1149,1.015228,-0.004774,-0.328024,-0.010894,0.126535,0.010668,-0.016641,0.096044,-0.12981,0.001429202
GOE 240 (KOLLER) AIRFOIL,0.081104,0.022115,0.166609,0.902505,0.019011,-0.251617,0.008458,0.086054,-0.017679,0.017574,0.00769,-0.041825,0.001429758
GOE 610 B AIRFOIL,0.003655,-0.000575,0.167088,0.924143,-0.000042,-0.194326,0.021551,0.102888,0.00025,-0.011526,-0.003866,-0.009239,0.001429972
NACA 64-208,0.023085,0.008949,-0.125649,1.397273,0.018288,-0.167951,0.004697,-0.181098,-0.004715,0.038942,0.007254,-0.019075,0.00143423
GOE 377 AIRFOIL,0.119963,0.025671,0.118011,1.023945,0.016456,-0.318542,0.019603,-0.011563,0.010512,0.02601,-0.013771,-0.016296,0.001435996
GOE 256 (JUNKERS E) AIRFOIL,0.054061,-0.005796,0.14314,0.452308,0.052189,-0.002864,0.04019,0.170136,0.06763,0.059795,-0.0068,-0.023989,0.001436446
EPPLER 360 AIRFOIL,0.03046,0.000392,0.113176,0.955333,0.004955,-0.050955,0.011993,-0.135061,0.065362,0.029685,-0.051683,0.026345,0.0014384
CLARK W AIRFOIL,0.231435,0.001236,0.02656,0.669987,0.02956,-0.198511,0.034625,0.082367,0.039992,0.076693,-0.035488,0.041544,0.001441408
GOE 289 (MVA 289) AIRFOIL,-0.012899,-0.00187,0.158823,0.386085,0.027278,0.157572,-0.001202,0.169682,0.037009,-0.01199,0.083461,0.00805,0.001444508
MH 80  12.72%,0.210404,0.018621,0.355579,0.581135,0.028561,0.042461,-0.048395,-0.037521,-0.011959,-0.011856,-0.164259,0.037228,0.001444878
GOE 428 AIRFOIL,0.029544,0.012094,0.151122,0.912308,0.023306,-0.159714,-0.001704,0.081575,-0.035624,0.001601,0.018501,-0.033008,0.00144525
EPPLER 329 AIRFOIL,0.028658,-0.000331,0.330515,0.561698,0.074361,-0.023433,0.004882,-0.081064,0.089549,0.042603,-0.065425,0.037989,0.00144933
E203  (13.64%),-0.034014,0.003951,-0.100103,0.957483,0.044112,0.109497,-0.025974,-0.041158,-0.019258,0.081098,0.044809,-0.020442,0.001449648
NACA 65(1)-212 a=0.6,-0.005989,0.000853,-0.088266,1.195786,0.006989,-0.115738,0.015872,-0.105176,0.130085,-0.005235,0.01531,-0.044492,0.001449908
GOE 316 (HANSA-BRANDENBURG IV.5) AIRFOIL,0.072691,0.009513,0.264428,0.857276,0.009655,-0.147809,0.00496,0.005202,0.005559,-0.025972,-0.043219,-0.012283,0.00145151
GOE 385 AIRFOIL,0.057714,-0.000128,0.178014,0.865226,0.030758,-0.149384,0.028993,-0.005643,0.009112,-0.006922,-0.008157,0.000417,0.001452784
GOE 176 (ALBATROS 7020) AIRFOIL,0.193631,0.057872,0.094993,0.667605,0.00703,-0.11699,-0.039887,0.11166,-0.028634,0.0047,0.01944,0.02858,0.00145445
EPPLER E1212 AIRFOIL,0.289301,0.083063,0.143749,0.289301,0.021628,0.216293,-0.105656,0.041033,-0.00924,0.012077,-0.007829,0.026281,0.001454808
MH 45  9.85%,0.101083,0.029676,0.06495,1.026612,0.005564,-0.014151,-0.053638,-0.03968,-0.036044,0.013774,-0.114781,0.016636,0.001455456
GOE 610-B MOD. AIRFOIL,0.023973,0.030056,0.109471,0.988074,0.004336,-0.165427,-0.00482,0.095416,-0.062015,-0.00201,0.04264,-0.059695,0.001456576
S2091-101-83,0.026737,0.029771,0.090701,0.883811,0.010445,-0.015842,-0.04284,0.014582,-0.008722,-0.009091,0.019851,0.000598,0.001457446
HQ-2.0/9  9.0%   smoothed,0.091464,0.019621,-0.094709,1.205244,0.053492,-0.182656,0.003134,-0.147945,0.029343,0.017716,0.055275,-0.04998,0.001457784
GOE 407 AIRFOIL,0.084245,-0.000953,0.206689,0.803672,0.019985,-0.219088,0.052657,0.068425,0.002199,0.0112,-0.007951,-0.02108,0.001458506
GOE 382 AIRFOIL,-0.017885,-0.014381,0.292445,0.115134,0.11988,0.228959,0.008061,0.191418,0.085922,0.001448,-0.009164,-0.001837,0.001459314
CLARK YM-18 AIRFOIL,0.182411,0.016639,0.086829,0.344877,0.062964,0.048582,0.015116,0.087636,0.101325,0.056651,0.014121,-0.01715,0.001461176
TsAGI R-3a (12%),0.291917,0.048811,0.310607,0.577895,0.009634,-0.089557,-0.035657,-0.060741,0.033158,-0.021564,-0.04478,-0.019722,0.001461332
S4320,0.01233,0.003096,0.092897,0.925677,-0.003203,-0.037463,-0.02533,0.050993,-0.009083,-0.019521,0.013216,-0.003607,0.001461466
MH 200  12.97%,0.026151,0.023628,-0.065835,1.001391,0.005976,-0.089943,-0.00147,-0.11123,0.161598,0.015722,0.062974,-0.02896,0.00146209
SD7037-092-88,0.131684,0.051507,-0.00544,0.901037,0.091229,-0.160201,-0.034641,-0.060289,0.002424,0.072026,0.03244,-0.021776,0.001465602
GOE 173 (ALBATROS 6020) AIRFOIL,0.099353,0.00442,0.256816,0.740085,0.036857,-0.230602,0.011417,0.103455,0.002846,-0.000098,0.020688,-0.045237,0.001466692
MH 117  9.8%,0.089393,0.040295,-0.028203,0.90161,0.061075,-0.074577,-0.05231,-0.039588,-0.005712,0.103399,0.008498,-0.003881,0.00146689
NACA M12,0.113205,0.00567,0.071102,0.928188,-0.006936,-0.137701,0.041413,-0.065404,0.041701,0.0392,-0.038103,0.007667,0.001467258
JX-GS-06,0.177073,0.040371,0.006961,1.205477,0.006243,-0.202679,-0.021363,-0.139158,-0.051947,0.029573,-0.056242,0.00569,0.00146796
GOE 373 AIRFOIL,0.064698,0.040663,0.224471,0.930584,0.006584,-0.218519,-0.024706,0.045936,-0.018098,-0.012197,0.003441,-0.042856,0.001468922
GIII BL207 AIRFOIL,0.076357,-0.000153,0.001936,1.215086,0.02959,-0.279254,0.042551,-0.188376,0.061254,0.046289,0.004815,-0.010096,0.001469046
AH 93-W-145,-0.081454,-0.001508,0.105717,0.767198,-0.006425,0.095494,-0.00557,0.002989,0.05807,0.002251,0.045579,0.017659,0.001469348
GOE 57 AIRFOIL,0.115037,0.041211,0.17656,0.919474,0.002857,-0.29863,-0.008201,0.084488,0.000486,0.016366,0.060322,-0.109971,0.00147163
S4062-095-87,0.029095,0.011158,-0.032244,1.002099,0.010857,-0.098538,-0.011226,0.065052,0.022118,0.000456,0.031636,-0.030461,0.00147315
S8036 (16%),0.010334,-0.003216,0.035067,0.810753,0.054966,0.047196,0.027196,-0.087058,0.07379,0.036487,0.014776,-0.020291,0.001475084
NACA 64A410,0.019672,-0.001603,-0.12601,1.263583,0.014506,-0.193658,0.042734,-0.099914,0.047015,0.010207,0.113874,-0.090405,0.00147522
E230  (9.96%),0.17899,0.058098,-0.024061,1.12164,0.022017,-0.120731,-0.042454,-0.186179,0.002171,0.076196,-0.083896,-0.001793,0.001475974
GOE 318 (HANSA-BRANDENBURG VI.5) AIRFOIL,0.045507,-0.005124,0.304313,0.789683,0.00291,-0.066728,-0.014951,0.055154,-0.013269,-0.021782,-0.085423,0.00971,0.001477904
GOE 450 AIRFOIL,0.027882,0.018942,0.076549,0.937288,0.000754,-0.187574,0.015977,0.084975,0.009553,0.005501,0.055569,-0.045415,0.001478392
HQ 3.0/10 AIRFOIL,0.084187,0.00007,-0.068464,1.124479,0.003627,-0.189781,0.027542,-0.139881,0.110194,-0.047893,0.164878,-0.068958,0.001478818
EPPLER 344 AIRFOIL,-0.003141,-0.002232,0.432704,0.393372,0.099427,0.068452,-0.004104,0.025807,0.022393,0.063598,-0.139375,0.043098,0.001479584
USA 5 AIRFOIL,0.140018,0.009505,0.19574,0.920852,0.005142,-0.326831,0.034895,0.034622,-0.005201,0.017419,-0.005129,-0.021032,0.001479978
GOE 379 AIRFOIL,0.048888,0.000493,0.261069,0.900821,0.000649,-0.273614,0.025988,0.074108,0.00072,-0.006545,-0.014706,-0.017871,0.001481334
HQ 3.0/12 AIRFOIL,0.052804,0.007233,-0.047878,1.033475,0.003872,-0.092815,0.010012,-0.094484,0.112796,-0.040677,0.146963,-0.091301,0.001483194
NACA 642-015A AIRFOIL,0.014728,-0.01169,-0.103564,1.156698,-0.001175,-0.001846,0.036514,-0.168177,0.083962,0.032166,-0.005153,-0.032462,0.001484018
EPPLER 396 AIRFOIL,-0.027839,0.00011,-0.113288,0.796057,0.013051,0.05003,-0.018082,0.096453,0.056167,0.020039,0.15225,-0.024946,0.001484534
CAL1215j,0.139996,-0.005599,-0.040706,0.97345,0.014223,-0.095044,0.032822,-0.056082,0.001116,0.028898,0.003868,0.003056,0.001485984
AH 79-100 C AIRFOIL,0.004297,-0.001678,-0.090073,0.881487,-0.002923,-0.188054,0.04667,0.052534,0.060372,0.010022,0.27744,-0.050094,0.001486228
GOE 376 AIRFOIL,0.127902,0.012614,0.231012,0.907849,0.017122,-0.305114,0.022697,0.032798,0.00599,-0.009164,0.008741,-0.052447,0.00148729
NPL 9627 AIRFOIL,0.228455,0.015334,-0.022755,0.92578,0.010638,-0.140812,0.02428,-0.132029,0.042973,0.053143,-0.015972,0.010964,0.001488158
NACA 64-110 AIRFOIL,0.009637,0.012064,-0.107617,1.310897,0.00433,-0.087088,-0.009031,-0.182685,0.021035,0.050136,0.007036,-0.028712,0.001489328
CLARK Z AIRFOIL,0.094972,-0.004192,0.119025,0.740726,-0.005452,-0.119479,0.033249,0.028505,0.048499,0.029518,0.074453,-0.039823,0.001490388
EPPLER 339 AIRFOIL,0.00985,-0.001984,0.386332,0.528402,0.063134,0.019147,0.00533,0.00094,0.027901,0.03139,-0.123043,0.052601,0.001491392
WORTMANN FX 05-191 AIRFOIL,-0.180187,-0.000813,-0.102835,0.783592,0.05301,0.102486,0.005769,-0.109033,0.288568,0.036017,0.170223,-0.046796,0.001491578
MH 81  13%,0.18358,0.037032,0.377567,0.514742,0.036367,0.079977,-0.07453,0.001057,-0.009283,-0.018252,-0.156917,0.028661,0.001493482
FX 63-120 AIRFOIL,-0.014922,0.02377,-0.125979,0.952188,0.029768,0.032079,-0.027847,-0.062273,0.037015,-0.049637,0.247909,-0.042071,0.00149489
EPPLER 342 AIRFOIL,0.03383,-0.001484,0.432185,0.523114,0.048389,0.053148,0.000768,-0.008021,0.01648,0.042661,-0.195173,0.054102,0.001498276
US1000ROOT,0.219608,0.015771,-0.050482,0.730731,-0.028233,0.161136,-0.004005,-0.137548,0.05501,0.021503,0.005332,0.011177,0.00149963
FX 76-MP-160,0.020108,-0.003923,0.012545,0.407842,0.035301,0.032337,-0.001121,0.123798,0.210682,-0.006,0.2188,-0.050371,0.001500318
GOE 441 AIRFOIL,0.030984,0.000825,0.142251,0.285288,0.029978,0.159635,-0.015648,0.177493,0.01146,-0.044117,0.279143,-0.057293,0.001501246
USA 34 AIRFOIL,0.090879,0.011778,0.197076,0.133389,0.055616,0.097136,0.016715,0.339827,0.07017,-0.023194,-0.015866,0.026474,0.001501414
GOE 522 AIRFOIL,0.141189,0.009405,0.045605,0.202964,0.019043,0.262965,-0.004391,0.159551,0.09386,-0.013434,0.160346,-0.077105,0.001503676
GOE 123 AIRFOIL,0.104047,0.018987,0.200959,0.869342,0.025133,-0.367233,0.019614,0.089199,0.038685,0.017987,0.029138,-0.045857,0.00150705
AG44ct -02f,0.142933,0.029403,0.040173,1.125162,0.011946,-0.176064,-0.019907,-0.119843,-0.055633,0.044676,-0.022631,-0.000216,0.001507882
EPPLER E836 HYDROFOIL AIRFOIL,0.049069,0.000395,-0.101707,1.168684,0.010099,-0.127673,0.026513,-0.189185,0.141295,0.042909,-0.013789,-0.00661,0.001509816
HQ 3.0/14 AIRFOIL,0.036043,0.012398,-0.028632,0.910254,0.021606,-0.011685,-0.003245,-0.055822,0.117499,-0.022467,0.138318,-0.114267,0.001510674
FX 80-080,0.039539,0.00778,-0.106631,1.253038,0.003843,-0.271177,0.033076,-0.17216,0.086315,0.0341,0.104492,-0.012216,0.001512642
GOE 655 AIRFOIL,0.164316,0.011622,0.139045,0.568902,0.035209,-0.009195,0.000839,0.076679,0.023107,0.002232,0.003413,-0.016167,0.001513168
AS6098 | Ananda-Selig | AIAA Paper 2018-0310,0.185568,0.086654,0.060886,0.700439,-0.002522,-0.346449,-0.071751,0.239513,-0.058845,0.009282,0.262296,-0.065073,0.001513472
S6061 9%,0.058972,0.004858,-0.004253,1.142809,-0.011448,-0.124272,0.003043,-0.125168,0.0097,0.027126,0.003984,0.014648,0.00151416
EPPLER 625 AIRFOIL,0.124665,0.006593,0.360841,0.606314,0.031171,-0.039886,0.001382,-0.000509,0.048928,0.028414,-0.205428,0.037514,0.00151465
ONERA OA212 AIRFOIL,0.157963,0.028781,0.160183,0.669597,0.027185,-0.126582,-0.0187,0.029936,0.123464,0.048364,-0.098429,-0.001763,0.001515816
NASA/LANGLEY RC-08(N)1 AIRFOIL,0.044988,-0.003329,0.043255,1.316788,-0.002418,-0.201517,0.02311,-0.122334,0.021992,-0.024847,-0.089144,-0.006542,0.001515994
SG6040,-0.009814,0.003307,-0.066147,0.880604,0.018917,0.06081,0.00846,-0.09135,0.111517,0.017979,0.165171,-0.099455,0.001519836
ARA-D 20% AIRFOIL,0.202706,0.136397,0.374866,0.187916,0.062201,0.195559,-0.073105,-0.062252,0.019351,-0.014038,-0.035068,0.005467,0.001521724
MH 82  13.31%,0.174866,0.031137,0.38715,0.463621,0.038397,0.088069,-0.067718,0.015171,-0.001564,-0.039704,-0.127023,0.037597,0.001521744
GOE 456 AIRFOIL,0.031955,0.002172,0.026844,1.002066,0.003083,-0.192497,0.011083,0.094323,-0.026008,0.014476,0.03857,-0.006067,0.001522368
GOE 566 AIRFOIL,0.167541,0.004451,0.018081,0.999944,0.054351,-0.266283,0.034886,-0.080519,0.033955,0.04515,0.022949,-0.034505,0.00152341
GOE 422 AIRFOIL,0.031148,0.005434,0.183248,0.282331,0.052183,0.075766,0.015835,0.189174,0.106202,-0.011658,0.07624,-0.005902,0.00152394
Eiffel 10 (Wright) - 1903 Wright Flyer airfoil,0.074743,0.101145,0.112854,1.142681,0.027986,-0.393975,-0.06337,0.123565,-0.035268,-0.00545,-0.03306,-0.051851,0.001524998
NACA 64-210,-0.002139,0.000402,-0.123437,1.345202,0.003752,-0.085918,0.004328,-0.163585,0.02037,0.01923,0.009803,-0.028007,0.001525558
NACA 64(3)-418,-0.114966,-0.005653,-0.110059,0.929082,0.052448,0.219255,-0.014781,-0.08727,0.105664,-0.008261,0.077494,-0.042954,0.001525884
GOE 614 AIRFOIL,0.056933,-0.002138,0.105864,0.304971,0.030111,0.21643,0.004293,0.193666,0.019098,-0.017894,0.082034,0.006632,0.001526706
NACA6409 9%,0.000527,0.000643,0.077298,0.847325,-0.00264,-0.128668,0.007777,0.142581,-0.000441,0.01032,0.08643,-0.041152,0.001527954
GOE 675 AIRFOIL,0.131408,0.008854,0.113207,0.442381,0.005617,-0.034502,0.019289,0.226739,0.075635,0.01042,0.07998,-0.079027,0.001529962
EPPLER 343 AIRFOIL,0.015304,-0.003197,0.432749,0.474933,0.066122,0.057021,0.002974,0.004972,0.021132,0.040799,-0.160024,0.047214,0.001530716
GOE 144 (MVA H.21) AIRFOIL,0.144118,0.007944,0.136886,0.839546,0.009255,-0.250289,0.020903,0.008195,-0.027085,0.037051,0.061285,0.012192,0.001532596
RG-12,0.129331,0.020368,-0.040947,1.062119,0.058549,-0.19977,0.008875,-0.168751,0.019997,0.093875,0.020184,-0.00383,0.001532886
SD7084 (9.6%),0.145009,0.041661,0.011434,1.024737,0.021142,-0.165643,-0.01059,-0.076497,0.012583,0.027274,-0.006157,-0.024953,0.001535398
NASA/LANGLEY 64-012 AIRFOIL,-0.009422,0.004286,-0.104179,1.266228,0.006031,-0.008682,-0.007531,-0.204409,0.044541,0.033067,-0.004363,-0.015567,0.001535722
NACA 64-012A AIRFOIL,0.017044,0.002271,-0.107426,1.273187,0.002215,-0.081802,0.026032,-0.206474,0.043345,0.048898,0.001425,-0.018717,0.001536216
SG6051,0.02825,-0.000942,-0.0751,1.056649,0.015295,-0.124987,0.054717,0.016514,0.014382,0.025697,-0.001365,-0.009108,0.001536704
EPPLER 550 AIRFOIL,-0.184555,-0.017529,0.053519,0.928232,0.000983,0.290422,-0.002976,-0.207943,0.077536,-0.052231,0.154364,-0.039822,0.001538152
GOE 547 AIRFOIL,0.057579,0.002464,-0.112995,1.061576,0.012364,-0.114402,0.027826,0.072343,-0.033645,0.043308,0.042298,-0.058716,0.001539262
GOE 187 (SCHUETTE-LANZ 2U10) AIRFOIL,0.085619,0.019281,0.201407,0.94998,0.02603,-0.230032,0.017563,0.027935,0.020735,-0.055061,-0.030413,-0.033045,0.001540618
RAF 69 AIRFOIL,0.144439,-0.007144,-0.031546,0.503642,0.027754,0.208592,0.009645,0.017065,0.106373,0.032237,-0.002512,-0.008544,0.001541974
HQ 1.0/12 AIRFOIL,0.089872,0.008899,-0.088227,1.126453,0.006379,-0.057597,-0.000375,-0.140942,0.060504,0.011779,0.01733,-0.034076,0.001543344
EPPLER 330 AIRFOIL,0.134644,0.000209,0.333481,0.819215,0.014162,-0.092211,0.009537,-0.086876,0.012456,0.019007,-0.228261,0.064637,0.001549872
EPPLER 636 AIRFOIL,0.059479,0.001701,0.380501,0.711518,0.00804,-0.01407,0.00516,-0.107986,0.017938,-0.03232,-0.123692,0.093729,0.001551276
EPPLER 433 AIRFOIL,-0.022948,-0.001848,-0.012498,0.741445,0.053355,-0.129715,0.030363,-0.072221,0.257246,0.011823,0.168619,-0.023623,0.001551482
GOE 388 AIRFOIL,0.041416,0.026584,0.158694,0.74965,0.006608,-0.104237,-0.013731,0.121616,0.024437,-0.008598,0.03189,-0.03433,0.001551564
GOE 178 AIRFOIL,0.021367,0.004705,0.159568,0.873979,-0.005495,-0.100855,0.003498,-0.051047,-0.050255,0.013834,0.075575,0.055126,0.001552044
HQ 2.5/10 AIRFOIL,0.036625,0.047077,-0.064776,1.110871,0.053376,-0.145954,-0.01288,-0.165661,0.057896,0.001343,0.143867,-0.061784,0.001552916
GOE 406 AIRFOIL,0.033107,-0.002018,0.264308,0.672864,0.010072,-0.126767,0.050023,0.137695,0.026277,-0.022946,-0.014643,-0.027973,0.001554982
HQ 3.0/15 AIRFOIL,0.040383,0.006513,-0.031773,0.835324,0.043935,0.018061,-0.000274,-0.047772,0.119849,-0.01119,0.131682,-0.104739,0.001558716
MH 62  9.3%,0.102853,0.011402,0.037725,1.084056,-0.00542,-0.047899,-0.032316,-0.053794,-0.036947,0.01876,-0.093069,0.014649,0.001559528
S1020 Ornithopter airfoil,-0.06457,-0.000501,-0.136934,0.865486,0.033124,0.02656,0.029384,-0.021314,0.095127,-0.015828,0.23758,-0.048113,0.001560968
FX 63-147 AIRFOIL,-0.073914,-0.011794,0.104034,0.761872,0.001327,0.04681,-0.000374,-0.12554,0.159629,0.040821,0.093844,0.003287,0.001561022
HAM-STD HS1-606 AIRFOIL,0.160974,0.079632,-0.004723,1.065512,0.002803,-0.360542,-0.019412,0.058312,0.034488,0.008769,0.065377,-0.091192,0.001561032
N-10,0.265407,0.009789,0.17819,0.457379,0.322352,-0.261351,0.031696,0.056274,0.033502,0.041294,-0.157147,0.022616,0.00156163
B-29 ROOT AIRFOIL,-0.023126,-0.007464,0.128327,0.499074,-0.014115,0.332885,0.002748,0.039089,0.083381,0.014988,-0.069752,0.013967,0.001562898
GOE 383 AIRFOIL,0.030011,-0.001279,0.247229,0.161592,0.096694,0.233361,-0.00074,0.149856,0.084952,0.010662,-0.026818,0.01448,0.001563322
EPPLER 431 AIRFOIL,-0.070875,-0.003521,0.031936,0.659332,0.087531,-0.036578,0.01274,-0.016269,0.213601,0.030677,0.108514,-0.017089,0.001565294
GOE 287 AIRFOIL,0.010081,0.002082,0.264519,0.798683,-0.001559,-0.108553,-0.005115,0.071372,0.007799,-0.012187,-0.039002,0.01188,0.001568922
EPPLER 68 AIRFOIL,0.005655,0.000008,-0.118663,0.976506,0.003982,-0.024387,0.020542,-0.037823,0.060641,0.025563,0.109929,-0.021953,0.001571076
FX 83-W-227,-0.060053,-0.029535,0.055305,0.410099,0.007508,0.278265,0.037245,0.110437,0.151067,0.021836,0.039992,-0.022166,0.001574364
USA 35 A AIRFOIL,0.089467,0.002861,0.262415,0.122177,0.059603,0.147552,0.004419,0.204795,0.058406,-0.001423,0.057987,-0.00826,0.001574564
Davis AIRFOIL,0.09655,0.014992,-0.017138,0.906584,0.003228,-0.117942,0.019623,0.024915,0.015045,0.030539,0.024023,-0.000419,0.00157568
HQ 3.0/13 AIRFOIL,0.031652,0.00448,-0.042819,1.001264,0.00303,-0.034654,0.005655,-0.063842,0.100111,-0.033713,0.127452,-0.098616,0.001576596
EPPLER 638 AIRFOIL,0.031689,0.00253,0.413039,0.644485,0.013062,0.006259,-0.000653,-0.008914,0.017451,-0.047155,-0.112706,0.040913,0.001576734
Gottingen 765 airfoil (recovered). Thick: .144 LE radius: 0.02062 LE slope: 0.17300,0.086001,0.029318,0.267356,0.656227,-0.004802,0.062668,-0.023749,0.008093,0.035461,0.026113,-0.213322,0.070638,0.001577298
S8055 (12%),0.104632,0.017175,-0.009075,0.900998,0.036031,-0.127901,0.004918,-0.098153,0.128841,0.016652,0.025323,0.000559,0.001578032
GOE 646 AIRFOIL,0.146919,0.078196,-0.091228,0.412603,0.076875,0.171361,-0.061167,0.078614,0.04544,0.038327,0.13477,-0.030709,0.001580536
NACA 642-015 AIRFOIL,-0.021667,0.000373,-0.108825,1.160393,-0.000228,0.095326,-0.010865,-0.177245,0.084997,0.005017,-0.020703,-0.006573,0.001580586
EPPLER 395 AIRFOIL,-0.034373,0.004965,-0.128359,0.777349,0.05384,0.03658,-0.026787,0.047954,0.029067,0.078491,0.184697,-0.023426,0.001581654
USA 45 M AIRFOIL,0.130663,0.006518,0.238669,0.688659,0.021632,-0.076885,0.00593,-0.060294,0.018302,0.024069,-0.005003,0.007741,0.001581822
RG 14 10% AIRFOIL,0.152032,0.001861,-0.018197,0.994343,0.040949,-0.185419,0.028717,-0.144071,0.019935,0.080653,0.015928,0.013268,0.001582832
Supermarine 371-II (tip),0.007242,0.008903,-0.090744,1.363364,0.001302,-0.281066,0.02418,-0.170256,0.114589,0.039101,-0.004245,-0.01237,0.001584682
GOE 679 AIRFOIL,0.257458,0.029897,0.115788,0.209771,0.043444,0.040092,0.013657,0.100219,0.07941,0.050109,0.068042,-0.007888,0.001586142
dh4009sm,0.01251,-0.000372,-0.108739,1.46186,0.000219,-0.2422,0.053477,-0.269049,0.041271,0.051969,0.003961,-0.004908,0.001586226
GOE 140 (MVA H.17) AIRFOIL,0.071594,0.000026,0.301797,0.758237,0.017078,-0.175502,0.016528,0.045935,-0.00689,-0.005855,0.046905,-0.069854,0.001586262
HAM-STD HS1-708 AIRFOIL,0.193703,0.002349,0.003519,0.865401,0.04078,-0.349578,0.056983,0.079132,0.046535,0.016097,0.093202,-0.048123,0.00158646
NACA 64A-010 10.0%,0.049029,0.023766,-0.107305,1.244344,0.064473,-0.150834,-0.002218,-0.206012,0.0163,0.114307,-0.018122,-0.02773,0.001588096
FX S 02/1-158 AIRFOIL,-0.198632,0.002239,0.072138,1.034634,-0.054342,0.368562,-0.064368,0.000059,-0.088504,-0.051223,0.117429,-0.137992,0.001590474
RG 14 AIRFOIL,0.129235,0.01289,-0.017967,1.126993,0.017805,-0.202002,0.013968,-0.130251,-0.008912,0.071253,-0.015059,0.002047,0.001590628
S4180-098-84,0.054106,0.020669,0.161463,0.781127,0.014817,-0.021443,-0.048209,0.031159,-0.017304,0.006299,0.025323,-0.008009,0.001590634
RG 14 9.5% AIRFOIL,0.150526,0.006677,-0.016426,1.010498,0.047098,-0.186673,0.015234,-0.120587,0.010996,0.090757,-0.007738,-0.000363,0.001591156
S4095 (designed for the E-flite UMX ASK-21 scale RC sailplane),0.21144,0.076842,0.054013,1.031535,0.009403,-0.273672,0.041026,-0.091561,-0.06475,0.029483,-0.024751,0.000991,0.001591852
HQ 1.5/11 AIRFOIL,0.078083,0.012072,-0.073193,1.105386,0.015475,-0.104276,0.002846,-0.172209,0.075526,0.006569,0.078394,-0.024675,0.00159328
GOE 403 AIRFOIL,0.022599,0.000799,0.120564,0.987041,-0.004831,-0.162412,-0.007389,0.047224,-0.059412,0.057753,-0.005522,0.003586,0.00159399
MH 93  15.98%,0.116581,0.001242,0.260302,0.62604,0.021125,0.146085,-0.026393,-0.098561,0.051949,0.011098,-0.135481,0.026013,0.00159459
NACA 2415,0.196891,0.016781,-0.026096,0.743169,0.025327,-0.043975,0.025612,-0.044271,0.049554,0.052957,0.014434,-0.010384,0.001596668
JX-GS-15,0.17251,0.021088,-0.048121,1.192045,0.032334,-0.216998,0.003061,-0.12918,-0.041784,0.055058,-0.041421,0.001408,0.0015979
EPPLER 341 AIRFOIL,0.051205,-0.00107,0.427723,0.591584,0.026158,0.037838,0.004214,-0.038452,0.024089,0.02605,-0.215845,0.066507,0.001600826
GOE 363 AIRFOIL,0.238228,0.007638,0.208476,0.481332,0.042753,-0.210361,0.016938,0.115724,0.096415,-0.015538,0.042168,-0.023774,0.001601844
CAL4014l,0.105735,0.002503,0.14484,0.93643,-0.008898,0.015162,-0.050259,-0.016717,-0.031817,0.012102,-0.126536,0.017455,0.00160322
GOE 118 (MVA MK.7) AIRFOIL,-0.018607,-0.00024,0.107438,0.917745,0.003141,-0.147259,0.010834,0.11878,-0.001221,-0.012504,0.044448,-0.022555,0.001604378
EPPLER 378 AIRFOIL,0.144814,0.026389,0.469056,0.57164,-0.022896,-0.303403,-0.052157,0.248569,-0.058903,-0.02638,-0.098113,0.101384,0.001604576
SD8000-089-88,0.18632,0.100579,-0.071251,1.013763,0.05587,-0.200978,-0.066944,-0.13944,0.041998,0.063712,0.058212,-0.041841,0.00160675
EPPLER 593 AIRFOIL,0.030745,0.001867,0.409886,0.551756,0.008758,0.122724,-0.063518,0.023416,-0.069716,-0.003969,-0.106387,0.094439,0.00160843
HQ 3.0/11 AIRFOIL,0.065551,-0.000085,-0.04991,1.061002,0.008597,-0.141736,0.023276,-0.115505,0.099547,-0.028691,0.155418,-0.077463,0.001609076
WORTMANN FX 62-K-131 AIRFOIL,-0.083271,-0.052763,-0.111645,0.927498,0.051162,-0.105672,0.051488,-0.157005,0.230397,0.015485,0.270691,-0.036364,0.00161015
GOE 702 AIRFOIL,0.124649,0.001796,0.29783,0.181932,0.022679,0.278704,-0.073706,0.26822,-0.023537,-0.000531,-0.154189,0.076153,0.001610166
GOE 801 (MVA 301) AIRFOIL,0.073351,0.004882,0.206943,0.684716,0.038975,-0.160475,0.020409,0.137651,0.007312,0.000295,0.026558,-0.040618,0.001610786
EPPLER 67 AIRFOIL,0.022227,0.003457,-0.127591,0.984545,0.015453,-0.084997,0.025125,-0.085097,0.050633,0.03141,0.171357,-0.006523,0.001611508
BELL/WORTMANN FX 69-H-098 AIRFOIL,0.252867,-0.003671,0.046989,1.009865,0.022688,-0.264295,0.061947,-0.108672,0.007086,0.038269,-0.040706,-0.022367,0.00161156
HQ 2.0/12 AIRFOIL,0.050534,0.019547,-0.053356,1.062767,0.011961,-0.061953,-0.005008,-0.123106,0.078069,-0.006145,0.096636,-0.069946,0.00161201
HQ 2.5/9.0 smoothed by Eppler,0.095575,0.013231,-0.081747,1.15083,0.039449,-0.207422,0.014301,-0.148776,0.058248,0.012443,0.141355,-0.087488,0.001613042
EPPLER E837 HYDROFOIL AIRFOIL,-0.015284,-0.004458,-0.102309,1.099984,-0.001864,0.092956,0.004774,-0.176581,0.116218,0.001282,-0.003447,-0.011271,0.001613784
EPPLER 551 AIRFOIL,-0.204947,0.030071,-0.13109,0.989663,0.066631,0.337783,-0.045243,-0.102546,-0.004743,-0.008196,0.136032,-0.063415,0.001613876
USA 48 AIRFOIL,0.077494,-0.011033,-0.045752,0.815615,0.028607,-0.024076,0.051231,-0.098871,0.070363,0.017503,0.116688,0.00223,0.001615178
FX 61-140 AIRFOIL,-0.081799,0.003992,-0.007861,0.97255,-0.001267,0.059188,-0.005541,-0.31335,0.142644,-0.027925,0.276026,-0.016658,0.001617112
NACA 4418,0.171801,0.013552,0.040099,0.419105,0.043596,0.055404,0.021997,0.105865,0.078628,0.042019,0.040101,-0.032165,0.001617916
NACA 63012A AIRFOIL,0.022937,0.005444,-0.095733,1.234671,0.002862,-0.050992,0.015274,-0.200622,0.025562,0.055593,-0.002136,-0.01286,0.00161943
WACO COOTIE AIRFOIL,0.077893,0.047272,0.235883,0.730925,0.035015,-0.250421,-0.000486,0.085949,0.06771,-0.041548,-0.014861,0.026669,0.001619888
HQ 1.5/8.5 AIRFOIL,0.076333,0.079775,-0.075548,1.007488,0.132024,-0.145151,-0.081495,-0.161561,0.026802,0.136587,0.044771,-0.040024,0.001620156
EPPLER 325 AIRFOIL,0.073103,-0.000141,0.329041,0.779806,0.021356,-0.039055,0.01279,-0.168951,0.050979,0.040966,-0.177343,0.077449,0.00162183
GOE 398 AIRFOIL,0.072312,0.000725,0.151192,0.578256,0.064906,0.002726,0.013063,0.108932,0.018134,0.005843,-0.011342,-0.004746,0.00162589
GOE 394 AIRFOIL,0.118876,0.023698,0.166605,0.871649,-0.010153,-0.225329,-0.035026,0.266734,-0.065357,0.035327,-0.029305,-0.11772,0.001626164
NACA 63(3)-218,-0.045049,-0.000003,-0.073733,0.934571,0.002117,0.244981,-0.02984,-0.104715,0.089324,-0.01045,0.052602,-0.059804,0.001626198
GOE 417 AIRFOIL,0.161134,0.040669,0.227854,0.783384,0.028875,-0.358071,-0.007403,0.123118,0.043107,-0.006441,0.028976,-0.065202,0.001628822
GOE 612 AIRFOIL,0.149749,0.009994,0.050641,0.522618,0.015508,0.04137,-0.004233,0.187418,0.036848,-0.002025,0.008686,-0.016573,0.00162988
GOE 390 AIRFOIL,0.015333,-0.000603,0.262186,0.033729,0.051583,0.25757,-0.004161,0.262186,0.082956,-0.021958,0.063139,-0.001962,0.001631044
GOE 474 AIRFOIL,0.193835,0.050562,-0.027289,1.003341,0.06769,-0.322477,-0.006457,-0.01608,0.017842,0.078028,-0.016219,-0.022776,0.00163245
EPPLER 377 AIRFOIL,0.079005,0.037461,0.48285,0.525914,0.012213,-0.296423,-0.062842,0.262194,-0.065706,-0.005712,-0.052559,0.083606,0.00163641
EPPLER 1210 AIRFOIL,0.18751,0.051022,0.289221,0.234747,0.03936,0.164248,-0.075254,0.085267,-0.008409,-0.015004,0.016529,0.030764,0.001636596
GOE 182 (MVA H.27) AIRFOIL,0.155719,0.049158,0.208232,0.708681,0.023557,-0.106663,-0.046357,0.120955,-0.083144,0.015703,0.004413,-0.050253,0.001636822
SG6043,0.064283,0.011586,-0.079155,0.92011,0.022668,-0.210323,0.03819,-0.022319,0.072084,-0.003896,0.260433,-0.07366,0.001637892
GOE 479 AIRFOIL,0.057225,0.001218,0.106422,0.783328,0.000771,-0.053953,0.013295,0.029485,0.008982,0.019329,0.0418,-0.007901,0.00163827
SD7080 (9.2%),0.136873,0.069492,-0.012854,0.984248,0.06203,-0.160541,-0.042773,-0.095894,0.006356,0.050706,0.023007,-0.020649,0.00163998
MH 83  13.29%,0.163797,0.022006,0.358799,0.368601,0.041521,0.130622,-0.080803,0.076055,-0.017873,-0.054573,-0.025962,0.017809,0.001640394
GOE 602 AIRFOIL,0.049552,0.002194,-0.006963,1.021073,0.013709,-0.124999,0.024361,-0.025323,-0.012326,0.027916,0.038514,-0.007708,0.001641168
RG 15A-1.8/11.0 AIRFOIL,0.087308,0.032559,-0.038987,0.949811,0.059051,-0.125212,0.00257,-0.22217,0.054989,0.056294,0.124646,0.019141,0.0016434
GOE 613 AIRFOIL,0.139805,0.0001,0.131375,0.846426,0.011662,-0.222246,0.042274,0.036085,0.044289,0.019752,0.042386,-0.091908,0.001644772
S7012 8.75%,0.069615,0.002196,0.006567,1.083082,0.019348,-0.102173,-0.009061,-0.143989,-0.024996,0.059282,0.039387,0.000742,0.001645012
HQ 3.5/12 AIRFOIL,0.03801,0.00031,-0.031919,1.020689,-0.013848,-0.090194,0.016593,-0.081702,0.120685,-0.057065,0.172843,-0.094402,0.001645514
EPPLER 336 AIRFOIL,0.0781,0.000116,0.376768,0.678913,0.027769,-0.026236,0.012224,-0.074727,0.033909,0.011761,-0.189088,0.070491,0.001645798
EPPLER 1233 AIRFOIL,-0.024444,-0.011638,0.214806,0.341701,0.061467,0.179104,0.012707,-0.119754,0.148657,0.008615,0.202135,-0.013357,0.00164715
GOE 282 (DAIMLER XIII) AIRFOIL,0.153564,0.010868,0.140312,0.749366,0.025402,-0.243723,0.044636,0.027326,-0.005402,0.032998,0.082117,-0.017465,0.001647944
GOE 595 AIRFOIL,0.103446,-0.000121,0.000943,1.057338,0.01473,-0.200586,0.040273,-0.026052,0.00608,0.033101,0.008543,-0.037693,0.001652228
FX 74-130 WP1,-0.057613,0.054536,-0.082541,0.795436,0.134886,-0.206923,-0.016785,-0.025054,0.262984,0.069654,0.098004,-0.026585,0.001654398
HQ 3.5/9 AIRFOIL,0.049841,0.01176,-0.053106,1.191782,-0.017139,-0.205441,0.019721,-0.118502,0.088664,-0.052787,0.178967,-0.09376,0.001654464
EPPLER 326 AIRFOIL,0.046658,-0.001447,0.327715,0.76379,0.015499,-0.019008,0.01229,-0.146078,0.053245,0.028551,-0.157837,0.076621,0.001655494
BOEING 737 OUTBOARD AIRFOIL,0.012997,0.003628,0.005169,1.239511,0.024074,-0.171934,0.032631,-0.16255,0.091036,-0.014837,-0.008004,-0.051723,0.001658214
DF102,0.23618,0.002484,-0.046795,0.888148,0.067549,-0.155298,0.022359,-0.015853,-0.008248,0.063411,-0.047914,-0.006023,0.00165894
GOE 315 (HANSA-BRANDENBURG III.5) AIRFOIL,0.022795,0.00082,0.245783,0.935561,0.008942,-0.152302,0.005164,-0.030585,-0.004183,-0.009516,-0.000591,-0.021889,0.001659786
Dayton-Wright 6,0.174814,0.014766,0.33576,0.229683,0.237613,-0.126677,0.017061,0.156853,0.063484,0.013269,-0.163426,0.046802,0.001660786
AG52,0.110289,0.065592,-0.0306,1.16302,0.006555,-0.159068,-0.035172,-0.122393,-0.025565,0.04327,-0.010635,-0.005293,0.001661946
RAF 30 AIRFOIL,0.151879,0.004652,-0.077521,1.025205,0.012638,-0.065454,0.008136,-0.177789,0.048191,0.082431,0.004726,-0.017095,0.001662436
NACA 65(2)-415,-0.077045,-0.009623,-0.093364,1.019139,0.029683,-0.013183,0.019549,-0.102093,0.171217,0.010958,0.103687,-0.058926,0.001664052
DELFT DU84-132V3 AIRFOIL (MEASURED),0.026949,0.009026,-0.00633,0.792935,-0.009143,-0.042449,0.008298,-0.177171,0.185974,-0.017041,0.215933,0.013019,0.001665248
GOE 574 AIRFOIL,-0.010238,0.000281,0.181982,0.862907,-0.002665,-0.153587,0.047176,0.045549,-0.011479,0.021299,0.021291,-0.002516,0.001666582
HQ 3.5/14 AIRFOIL,0.017542,0.004279,-0.019585,0.886828,0.031096,-0.008096,0.003732,-0.035589,0.112188,-0.022986,0.15507,-0.124478,0.001667384
GOE 386 AIRFOIL,0.138716,0.007717,0.251834,0.041234,0.028711,0.218756,-0.001267,0.183582,0.073349,0.007501,0.034994,0.014873,0.0016677
DAE-31 AIRFOIL,-0.006511,0.01125,0.059373,0.762356,-0.002128,-0.032385,-0.025476,0.253203,0.055168,-0.059947,0.062393,-0.077295,0.001668204
Eiffel 428 (Bleriot),0.028807,0.000162,0.135331,0.974415,0.016558,-0.14489,0.014844,0.054246,0.029475,-0.083653,-0.053119,0.027823,0.001669584
EPPLER E852 AIRFOIL,-0.002405,0.009508,-0.248792,1.344678,0.010934,-0.134935,0.021187,-0.120375,0.032888,0.017008,0.144661,-0.074357,0.001669758
GOE 360 AIRFOIL,0.005138,0.013187,0.338265,0.66545,0.009661,-0.137616,-0.000555,0.094812,0.052674,-0.033128,0.015172,-0.02306,0.001670018
HQ 3.0/8 AIRFOIL,0.036398,0.013459,-0.064804,1.253575,0.016616,-0.195464,0.011869,-0.119295,0.017106,-0.007916,0.109346,-0.070891,0.001670378
RG 14A-1.4/7.0 AIRFOIL,0.141137,0.005134,-0.033227,1.220013,0.027223,-0.252521,0.020944,-0.148892,-0.029198,0.075088,-0.028596,0.002895,0.001670432
GOE 802 AIRFOIL,0.075712,-0.000002,0.205442,0.679307,0.035542,-0.169026,0.029791,0.120813,0.008901,-0.001771,0.040452,-0.02516,0.00167123
GOE 300 (FRIEDRICHSHAFEN G20) AIRFOIL,0.002425,0.013225,0.387745,0.568603,0.018218,-0.186556,0.005748,0.103047,0.052514,-0.008047,0.054144,-0.011064,0.001673846
BOEING 707 .99 SPAN AIRFOIL,0.013376,-0.000158,-0.021185,1.308574,0.006788,-0.220662,0.040455,-0.15218,0.056442,-0.007726,0.012552,-0.036276,0.001675008
GOE 508 AIRFOIL,0.010355,-0.000706,0.207141,0.342036,0.047526,0.121302,-0.006398,0.196739,0.086859,-0.005014,-0.001053,0.001213,0.00167551
TRAINER60,0.205042,0.062452,-0.036867,0.698287,0.030803,0.185714,-0.046176,-0.154704,0.015088,0.033634,0.013275,-0.006547,0.001675582
BOEING-VERTOL VR-1 AIRFOIL,0.093111,0.003567,-0.079907,1.091682,0.017453,-0.1663,0.029094,-0.107687,0.071841,0.046231,0.015551,-0.014637,0.001676062
S1046 17% (Danny Howell),0.163613,0.00405,-0.049215,0.509494,0.173728,0.193799,-0.065794,-0.12201,0.016725,0.204749,-0.030206,0.001068,0.001677944
NACA 63(2)A-015,0.027468,-0.001598,0.051512,0.926853,0.084381,0.014357,0.019935,-0.147489,0.071953,0.015824,-0.035437,-0.027758,0.001680564
NACA 65(2)-415 a=0.5,-0.104617,-0.024676,-0.024392,0.91478,0.081318,0.033299,0.013122,0.023704,0.137551,-0.002337,-0.028228,-0.019524,0.001681888
MH 201  13.08%,0.027057,-0.000669,-0.053918,0.896227,0.028201,-0.08687,0.02442,-0.185495,0.158302,0.022833,0.172378,-0.002467,0.001682004
DU86-084/18 8.44%,0.154327,0.0382,-0.038177,1.124321,0.029821,-0.233609,-0.022752,-0.045802,0.057752,0.077069,-0.121286,-0.019865,0.001682996
NACA 64(3)-218,-0.090248,-0.004318,-0.106261,1.016633,0.015824,0.22392,-0.01679,-0.114326,0.103024,-0.015401,0.03088,-0.042937,0.00168435
GOE 395 AIRFOIL,0.146408,0.067038,0.093612,0.830589,0.021887,-0.248759,-0.072965,0.38283,-0.056817,0.043367,-0.014788,-0.192402,0.001686062
GOE 573 AIRFOIL,-0.092819,-0.006016,0.399677,0.409523,0.049708,0.046367,0.0238,0.127575,0.009914,-0.00431,-0.030037,0.066616,0.001688004
MH 110  10.01%,0.191794,0.036893,0.160112,1.0072,0.005162,-0.063092,-0.032664,-0.15361,-0.068778,0.035664,-0.141907,0.023226,0.001689138
GOE 493 AIRFOIL,-0.013124,0.000094,-0.127343,0.933597,0.005484,0.053243,0.023188,0.007255,0.044077,0.013759,0.087506,-0.027736,0.001689804
GOE 281 (DAIMLER XII) AIRFOIL,0.131472,0.004385,0.143143,0.913458,0.032401,-0.28243,0.041761,0.026521,0.004187,0.008529,0.026209,-0.049636,0.001690464
GOE 366 AIRFOIL,-0.003877,-0.000166,0.302111,0.414016,0.058453,-0.076179,0.023681,0.198529,0.093754,-0.021413,0.067242,-0.05615,0.001690872
NACA 63(3)-018,-0.021257,-0.000165,-0.089724,0.988975,-0.001456,0.250027,-0.028848,-0.163089,0.08667,-0.010912,-0.000942,-0.00928,0.001691834
NACA 2415,0.181496,0.012801,-0.017554,0.749024,0.009661,-0.028073,0.025474,-0.040122,0.045694,0.053762,0.013228,-0.005393,0.00169201
Eh 1.0/7.0,0.107908,0.00292,0.053426,1.155604,0.015384,-0.188124,-0.010503,-0.179067,-0.018307,0.096423,-0.055153,0.019489,0.00169307
NACA 64-108 AIRFOIL,0.024282,0.004086,-0.09668,1.326761,0.020205,-0.154442,-0.016148,-0.189372,0.022543,0.089756,0.006083,-0.037073,0.001693256
GOE 510 AIRFOIL,0.197736,0.000794,0.281429,0.134092,0.022386,-0.163629,0.048111,0.135931,0.137859,0.064316,-0.005499,0.146473,0.001697326
FX 63-145 AIRFOIL,-0.032829,0.00001,0.04349,0.855664,0.017681,0.181528,-0.038345,-0.071782,0.014264,-0.039584,0.123627,-0.053723,0.001698932
EPPLER 331 AIRFOIL,0.089535,0.003547,0.330141,0.781889,0.022794,-0.079652,0.011984,-0.123614,0.036432,-0.006185,-0.152506,0.085633,0.00169953
SD7034,0.029383,0.002588,0.089232,0.891844,-0.00519,-0.009404,-0.021611,0.036548,-0.00032,-0.017204,0.01208,-0.007946,0.001700466
GOE 498 AIRFOIL,0.103212,0.086958,-0.036343,0.516199,0.063903,0.145838,-0.077048,0.124285,-0.00119,-0.002398,0.117638,-0.041056,0.001703678
EPPLER 337 AIRFOIL,0.041881,-0.000247,0.398248,0.654769,0.004423,0.00217,0.006383,-0.035042,0.03408,0.010874,-0.157627,0.040086,0.001704492
GOE 633 AIRFOIL,0.12115,0.00311,0.269927,0.458092,0.001215,0.099712,-0.020336,0.149011,-0.046003,0.02828,-0.157913,0.093757,0.001704746
ULTIMATE,0.072541,0.017012,-0.079048,1.190439,-0.017732,-0.055753,0.036538,-0.188491,0.003266,0.027369,-0.053291,0.04715,0.001705134
GOE 304 (FRIEDRICHSHAFEN G02) AIRFOIL,0.059293,0.006174,0.203786,0.710072,0.012055,-0.185364,0.016579,0.170054,0.010906,0.001969,0.0452,-0.050725,0.001707468
EPPLER 549 AIRFOIL,-0.17639,0.001234,-0.025812,0.93858,0.046845,0.226983,-0.008222,-0.161329,0.101742,-0.012254,0.144709,-0.076084,0.001708706
NASA/LANGLEY RC-10(N)1 AIRFOIL,0.020759,-0.008845,0.044155,1.236924,-0.004334,-0.136477,0.027667,-0.121193,0.048245,-0.031738,-0.073411,-0.001751,0.001709486
GOE 361 AIRFOIL,0.051799,0.02268,0.20095,0.893644,0.014215,-0.188868,-0.017095,0.05187,-0.045833,-0.008143,0.064171,-0.039388,0.00170949
GOE 476 AIRFOIL,0.041685,0.001164,0.153778,0.493092,0.005837,0.049746,0.008921,0.178817,0.016569,0.025987,0.001744,0.02266,0.001709518
MH 30  7.84%,0.139107,0.020613,-0.057896,1.164507,0.023348,-0.201233,-0.007799,-0.103425,0.00093,0.048219,-0.013217,-0.013155,0.001709848
GOE 368 AIRFOIL,0.20513,0.098671,0.215434,0.781534,-0.002324,-0.220605,-0.074781,-0.033494,-0.003321,0.024961,-0.021303,0.030097,0.001709946
GOE 795 smoothed,0.107603,0.038342,-0.021167,1.125704,0.011927,-0.214795,0.002904,-0.05007,-0.032572,0.066012,-0.027735,-0.006152,0.001710052
RG 8 AIRFOIL,0.097258,0.000364,-0.119843,1.071983,0.020436,-0.14292,0.030102,-0.217016,0.06021,0.033606,0.198906,-0.033086,0.001711426
NACA M7 AIRFOIL,0.0238,-0.013379,0.443111,0.814354,0.028109,-0.210868,0.005652,0.102565,-0.012539,-0.011607,-0.273664,0.104467,0.001712424
GOE 432 AIRFOIL,0.205101,0.033759,0.115134,0.907618,0.007035,-0.278065,0.006901,0.0199,-0.005109,0.005527,0.015181,-0.032982,0.00171337
NACA M20 AIRFOIL,-0.027493,-0.043576,0.46064,0.571543,-0.001012,-0.163914,0.032406,0.151573,0.036545,0.006448,-0.135081,0.11192,0.001713556
Falcon,0.102026,0.021259,0.109942,0.876508,-0.005425,-0.034878,0.023414,-0.12774,0.020329,0.031488,-0.017844,0.00092,0.00171361
AH 93-156,-0.03007,-0.002263,0.093647,0.569845,0.075097,-0.049413,0.010358,0.105549,0.229779,0.03263,-0.04221,0.00705,0.001714306
JX-GS-10,0.128064,0.095544,-0.002504,1.215619,0.016924,-0.158759,-0.069373,-0.115694,-0.066562,0.048227,-0.072119,-0.019368,0.001714564
GOE 615 AIRFOIL,0.071041,0.016763,0.172073,0.502635,0.053742,0.021347,-0.009099,0.131798,0.026539,-0.006177,0.009114,0.010224,0.001716446
GOE 670 AIRFOIL,0.208149,0.006306,0.032718,0.800027,0.067287,-0.290664,0.032513,0.03597,0.041312,0.10264,-0.000932,-0.035326,0.001718198
HQ 1.5/12 AIRFOIL,0.05563,0.002786,-0.072437,1.113619,0.003993,-0.046216,0.00594,-0.127922,0.052373,0.006243,0.047234,-0.041242,0.001718336
GOE 622 AIRFOIL,0.098852,0.030709,-0.007143,1.108991,0.026119,-0.189831,-0.003447,-0.064264,-0.03834,0.065818,-0.025305,-0.002158,0.001718558
NACA 65(2)-215,-0.041525,-0.007152,-0.095384,1.100298,0.008993,-0.015271,0.015294,-0.108133,0.160113,0.018802,0.04978,-0.085815,0.001720468
HQ 2.5/11 AIRFOIL,0.042614,0.00464,-0.057549,1.082555,0.006505,-0.110758,0.014794,-0.159832,0.095901,-0.026677,0.139685,-0.031878,0.001720666
GOE 673 AIRFOIL,0.024886,-0.000091,-0.10024,1.162652,-0.000842,-0.119455,0.038898,-0.047616,0.004707,0.016777,0.031052,-0.010731,0.001720966
LA2573A,0.026123,0.007627,0.503133,0.410928,0.002879,0.214135,-0.072699,-0.03707,-0.059486,0.056676,-0.152516,0.10027,0.001723
GOE 414 AIRFOIL,0.00007,0.000195,0.095298,0.664832,0.009855,-0.016483,0.024459,0.130908,0.036034,0.009818,0.03965,0.005366,0.001723792
USA 27 AIRFOIL,0.172876,0.000438,0.221995,0.520256,0.02807,-0.222422,0.055782,0.065515,0.067411,0.031134,-0.031478,0.090422,0.001723888
S2055,0.141115,0.009869,-0.058039,1.138571,0.049439,-0.270478,0.02832,-0.143749,0.02172,0.07777,0.007636,-0.002174,0.001724702
NACA 2418,0.214233,0.027688,-0.009655,0.506633,0.055034,0.031793,0.018477,-0.041174,0.092587,0.064448,0.044893,-0.004957,0.001726986
AH 85-L-120/17,0.038885,0.000666,-0.092688,1.180189,-0.006715,-0.201215,0.04045,-0.199897,0.177415,0.063166,-0.000733,0.000474,0.001729942
E231,0.082992,-0.002193,0.016237,0.943296,0.010398,-0.19158,0.040296,-0.023034,0.175108,-0.008143,-0.038937,-0.00444,0.001730302
08/01/60,0.065575,-0.000424,0.552217,0.238791,0.035408,0.174757,-0.022192,0.03055,-0.005642,-0.033747,-0.091651,0.056357,0.001732292
NACA 63-209,-0.004785,0.008751,-0.092022,1.296441,0.009868,-0.085968,-0.015047,-0.167727,-0.002224,0.055338,0.021993,-0.024619,0.00173329
E64  (8.45%),0.069667,0.090917,-0.093666,1.120778,0.016643,-0.170951,-0.058939,-0.055613,0.018282,0.044508,0.09861,-0.080236,0.001733442
GOE 548 AIRFOIL,0.031786,-0.002688,-0.125942,1.121468,0.006269,-0.109698,0.047977,-0.063272,0.025915,0.045073,0.027086,-0.003975,0.001733736
USA 40 AIRFOIL,0.096262,0.008578,0.094152,0.608269,0.017566,0.038309,-0.011273,-0.048943,0.032333,-0.002562,0.181752,-0.014443,0.001734908
EPPLER 557 AIRFOIL,-0.027768,-0.002334,-0.244915,1.042257,0.031315,0.17282,0.00085,-0.118322,-0.003178,-0.013403,0.252028,-0.089351,0.001736946
RAF 32 AIRFOIL,-0.022243,0.0259,-0.127586,0.825036,0.086622,-0.005994,-0.009154,0.075859,0.00497,0.05582,0.127897,-0.037128,0.00173783
GOE 427 AIRFOIL,0.081236,0.003909,0.141748,1.025052,0.002943,-0.34199,0.026506,0.087739,-0.022333,0.005443,-0.010459,0.000206,0.00173898
GIII BL45 AIRFOIL,0.106609,-0.004507,0.028151,1.083,0.018217,-0.192674,0.045841,-0.172344,0.045658,0.065528,-0.036695,0.013216,0.001739822
HQ 2.5/12 AIRFOIL,0.019781,0.014061,-0.048209,1.00762,0.030405,-0.051402,-0.003276,-0.12514,0.082578,-0.001908,0.118885,-0.043397,0.001740816
NACA 2.5411,0.1229,0.026477,-0.019364,0.976538,-0.000083,-0.123532,0.01439,-0.068322,-0.001079,0.044394,0.029276,-0.001594,0.001741456
NACA M21 AIRFOIL,-0.008179,-0.047892,0.496939,0.376338,0.013155,-0.069046,0.044297,0.206435,0.054396,0.01178,-0.128934,0.05071,0.001741768
GIII BL75 AIRFOIL,0.069051,0.001023,0.034468,1.090905,0.01462,-0.179126,0.027492,-0.163565,0.054664,0.064296,-0.0291,0.015271,0.001742588
GOE 100 (SOPWITH) AIRFOIL,0.225753,0.005115,0.106174,0.949558,0.013706,-0.394681,0.055878,-0.011896,0.02094,0.057188,-0.005971,-0.021763,0.001743082
USA 45 AIRFOIL,0.110312,0.000738,0.321804,0.455264,0.048438,0.031997,0.001075,0.00917,0.034037,0.012862,-0.030085,0.004387,0.001744704
EPPLER 857 AIRFOIL,-0.049838,-0.000006,0.004704,0.56568,0.03645,0.329308,-0.001218,0.013193,-0.011051,-0.019358,0.171154,-0.039018,0.001745642
GOE 601 AIRFOIL,0.0979,0.002463,-0.104692,0.809068,0.057482,0.017311,0.031736,0.004306,0.053782,0.056222,0.028977,-0.054556,0.001746118
FX 69-274,-0.139517,-0.034758,0.137874,0.251485,0.004658,0.518309,0.026821,0.094588,0.146136,-0.021558,0.017072,-0.00111,0.001746562
KC-135 BL124.32 AIRFOIL,0.004822,-0.003945,-0.00504,1.169378,0.02865,-0.0772,0.030151,-0.150245,0.103504,-0.038789,-0.012155,-0.049132,0.001748368
FX 61-147 AIRFOIL,-0.069098,-0.001883,0.014783,0.901302,0.005748,0.059667,-0.000483,-0.216779,0.161538,-0.046839,0.249108,-0.057064,0.001750398
NACA 2414,0.168327,0.007982,-0.023644,0.824279,0.011314,-0.048455,0.028891,-0.04483,0.023515,0.052342,0.00507,-0.004792,0.001750652
GOE 617 AIRFOIL,0.086223,-0.000253,0.084536,0.795613,0.012217,-0.046409,0.031994,-0.027325,0.046089,0.054393,-0.038183,0.001105,0.001751166
GOE 198 (L.F.G. 5294) AIRFOIL,0.013514,0.095305,0.216635,0.75519,0.006137,-0.209732,-0.047656,0.156739,0.017579,-0.004016,0.033616,-0.033311,0.001751406
DEFIANT CANARD BL145 AIRFOIL,0.196849,0.00151,0.07504,0.903511,0.028615,-0.130606,0.032075,-0.108473,-0.000591,0.014874,0.015573,-0.028379,0.001751554
GOE 735 AIRFOIL,0.087146,0.009446,0.462177,0.09673,0.008272,0.337776,-0.054392,0.177967,0.052897,-0.040415,-0.164112,0.026508,0.00175374
SD2083 (9.0%),0.050285,0.005762,-0.019904,1.10951,0.013744,-0.153294,0.012996,-0.032503,0.002146,0.024964,-0.005315,-0.008391,0.00175402
NACA 64-206,0.010572,0.028109,-0.098733,1.391462,0.026587,-0.207318,-0.030336,-0.182956,-0.010845,0.092001,0.010191,-0.028734,0.001759146
NACA 64A210,0.005018,-0.000806,-0.128829,1.344368,0.006226,-0.136294,0.029955,-0.151222,0.018281,0.020742,0.014958,-0.022397,0.001759652
Bambino 6,0.101278,-0.003006,0.119441,0.762181,0.003978,-0.169749,0.049367,0.035614,0.047644,0.108144,-0.081864,0.026973,0.001759746
GOE 269 AIRFOIL,0.112417,0.006031,0.194232,0.909838,-0.001295,-0.259317,0.017126,0.085898,-0.035904,0.008512,0.019686,-0.057224,0.001759784
HQ 3.5/10 AIRFOIL,0.052844,-0.000254,-0.05445,1.095697,0.0009,-0.179207,0.02743,-0.140904,0.117729,-0.058226,0.201298,-0.062857,0.001761466
GOE 546 AIRFOIL,0.028359,0.055309,-0.063818,1.09271,0.001,-0.057681,-0.030615,0.013296,-0.024662,0.004623,0.002604,-0.021126,0.001761692
USA 35 AIRFOIL,0.029656,0.008442,0.263673,0.147319,0.047243,0.18159,-0.001776,0.178202,0.056077,-0.007489,0.071206,0.025859,0.00176459
GOE 795 AIRFOIL,0.10247,0.051307,-0.016309,1.083238,0.026782,-0.209473,-0.015965,-0.051021,-0.020651,0.08425,-0.01489,-0.019737,0.001764962
FX 68-H-120,0.303405,0.054559,0.072496,0.731581,0.057629,-0.163576,-0.039127,0.10831,0.072246,0.037415,-0.133422,-0.101518,0.001767056
HQ 3.5/18 AIRFOIL,0.04842,-0.000806,-0.020178,0.626349,0.089106,0.097021,-0.001362,0.03044,0.1444,0.00853,0.142866,-0.164786,0.00176796
HAWKER TEMPEST 96.77% SEMISPAN AIRFOIL,0.081476,0.000024,-0.059248,1.181775,0.023013,-0.200654,0.047106,-0.142568,0.009258,0.083488,-0.022671,-0.001,0.001767972
BOEING 737 MIDSPAN AIRFOIL,0.025418,-0.000769,0.019185,1.249818,0.024937,-0.165862,0.038789,-0.170614,0.00826,0.030388,-0.015724,-0.043825,0.001768772
S8066 (10% version of S8065 w/ lower surface aerodynamically similar),0.089571,0.002058,-0.115011,1.207038,0.015388,-0.190424,0.029274,-0.168713,0.060944,0.057708,0.029449,-0.017283,0.001768978
NACA 65-206,0.016161,0.00973,-0.11964,1.488185,-0.002974,-0.253121,0.011239,-0.198536,0.002949,0.042398,0.010077,-0.006468,0.001769568
NACA M19 AIRFOIL,-0.024713,-0.052455,0.462752,0.660883,0.017026,-0.227413,0.04039,0.128542,0.005967,0.010627,-0.131688,0.110082,0.001769664
HQ 1.0/9 AIRFOIL,0.087274,0.024284,-0.082371,1.090409,0.100552,-0.146753,-0.033547,-0.177197,0.030788,0.118923,0.013203,-0.025564,0.001771026
DEFIANT CANARD BL20 AIRFOIL,-0.037401,-0.006415,0.259617,0.301058,-0.022081,0.438493,-0.040093,0.145679,-0.005218,-0.038738,-0.036276,0.041373,0.001772048
SA7036,0.074614,0.013119,0.005416,1.058511,0.014761,-0.113591,-0.002487,-0.067206,-0.019025,0.0222,0.015312,-0.001622,0.001772368
NACA 63(4)-221,-0.075692,-0.002257,-0.073257,0.838632,-0.005147,0.379769,-0.040087,-0.084735,0.107381,-0.033768,0.05203,-0.062869,0.001772712
RAE 103 AIRFOIL,0.060304,0.000987,-0.116862,1.31108,0.014353,-0.160241,0.029049,-0.223849,0.031187,0.059115,-0.001301,-0.003821,0.001773742
RG 15A 2.5/13.0 AIRFOIL,0.06897,0.010074,-0.010114,0.857762,0.022521,-0.04881,0.016398,-0.160114,0.07919,0.026331,0.135227,0.002565,0.001775062
FX 63-100 AIRFOIL,0.00434,0.085345,-0.098276,0.973478,0.059116,-0.040771,-0.093115,-0.087667,0.046275,0.024318,0.217004,-0.090048,0.001775158
EPPLER 635 AIRFOIL,0.068588,0.004078,0.384746,0.737831,0.043444,-0.004245,-0.000706,-0.104153,-0.03089,0.001004,-0.189658,0.089962,0.001776214
AH 94-156,-0.038754,-0.023679,0.06696,0.614606,0.085282,-0.056103,0.027171,0.075196,0.230897,0.034869,-0.011737,-0.004709,0.001777462
NACA CYH,0.177167,0.042504,0.226255,0.78303,0.020432,-0.109919,-0.015795,0.099257,0.056884,-0.06435,-0.237103,0.021637,0.001778448
GOE 413 AIRFOIL,0.091826,-0.002501,0.059459,0.329938,0.047203,0.21657,-0.05218,0.126335,0.010954,0.076821,0.085251,0.010322,0.001778752
GOE 113 AIRFOIL,0.034079,0.012692,0.062709,1.210533,0.005405,-0.219507,0.019229,-0.09467,-0.054138,0.025615,-0.007563,0.005616,0.001778922
GOE 488 AIRFOIL,0.218165,0.01777,0.058186,0.959862,0.040711,-0.366287,0.033727,-0.036509,0.012811,0.085735,0.01361,-0.037781,0.001781674
GOE 199 (L.F.G. 5406) AIRFOIL,0.143254,0.036808,0.253469,0.820475,0.024698,-0.341329,0.023052,0.083546,0.042714,-0.011455,-0.013983,-0.061248,0.001781768
GOE 424 AIRFOIL,-0.051131,-0.019961,0.202313,0.36769,0.091692,0.204762,0.035377,0.079497,0.075036,0.006724,0.009854,-0.001853,0.001782314
HAWKER TEMPEST 61% SEMISPAN AIRFOIL,0.077543,0.00426,-0.054339,1.112316,0.000814,-0.153493,0.050529,-0.136153,0.044856,0.072211,-0.014749,-0.003795,0.001783414
HQ 1.5/9 AIRFOIL,0.061808,0.029142,-0.079287,1.053176,0.11208,-0.145725,-0.034031,-0.17649,0.033538,0.116171,0.053041,-0.023422,0.001786978
GOE 592 AIRFOIL,-0.007587,0.032899,0.183202,0.37826,0.064001,0.004483,-0.01845,0.269581,0.099046,-0.018672,0.03848,-0.025244,0.001787224
GOE 288 AIRFOIL,0.126627,0.031141,0.071862,0.262515,0.086632,0.195749,-0.033726,0.128925,-0.043179,0.040927,0.086404,0.046123,0.00178724
NACA 2408,0.114319,0.054855,-0.040635,1.071124,0.063978,-0.198944,-0.027055,-0.088752,-0.032995,0.106107,-0.010218,-0.011785,0.001787632
GOE 117 (MVA MK.4) AIRFOIL,0.012095,0.000255,0.024576,0.896665,-0.002475,-0.097163,-0.000752,0.082715,-0.027958,0.052345,0.000059,0.059638,0.001789792
GOE 133 (MVA H.11) AIRFOIL,0.060125,0.022083,0.159325,0.957006,0.004429,-0.197883,0.006899,-0.038053,-0.008043,0.004901,0.054089,-0.024877,0.001790596
HOBIE,0.066253,0.054678,-0.004537,0.924559,0.027138,-0.089224,-0.065022,0.039313,-0.03946,0.077499,0.024734,-0.01593,0.001791478
USA 26 AIRFOIL,0.217357,-0.002544,0.202657,0.618938,0.004906,-0.266054,0.050339,0.038799,0.050534,0.051328,-0.037659,0.071397,0.001792812
GOE 563 AIRFOIL,0.167263,0.064122,-0.063103,1.026134,0.061738,-0.233935,-0.020329,-0.07364,0.02717,0.064363,0.0181,-0.037884,0.001794012
LDS-2 AIRFOIL,0.041016,-0.003685,-0.04714,1.089895,0.016409,-0.048438,0.019543,-0.036376,0.007317,0.016565,-0.021523,-0.033582,0.00179597
GOE 567 AIRFOIL,-0.050399,0.035236,-0.081632,0.517442,0.151354,0.222148,-0.087462,0.112756,-0.060097,0.133448,0.11921,-0.012004,0.00179617
RG 14 9% AIRFOIL,0.138238,0.004911,-0.010997,1.056184,0.030287,-0.189815,0.017058,-0.123902,-0.004717,0.090729,-0.011951,0.003975,0.001797252
SA7026,0.008798,0.007968,-0.034066,1.08602,0.008984,-0.116126,0.002259,0.015701,0.000977,0.000336,0.028317,-0.009166,0.001797454
GOE 301 (FRIEDRICHSHAFEN G 13) AIRFOIL,0.03073,0.000028,0.264029,0.667832,0.014811,-0.140108,0.027013,0.108394,0.009769,-0.024883,0.07005,-0.027664,0.001797798
GOE 535 AIRFOIL,0.245573,0.055784,0.037387,0.397697,0.098742,0.118467,-0.05974,0.136995,-0.043291,-0.02243,0.160209,-0.125394,0.00179785
GOE 621 AIRFOIL,0.140103,0.007362,0.047029,0.553139,0.008924,0.048804,0.000469,0.189814,0.021096,-0.001539,0.005168,-0.020369,0.001797896
NACA 63A210,0.022439,0.001025,-0.127177,1.305443,0.012205,-0.12329,0.025982,-0.15882,0.006853,0.025619,0.016421,-0.0067,0.001800032
SG6042,0.101362,-0.002872,-0.07004,0.954991,0.048428,-0.242832,0.053835,-0.122752,0.09224,0.016731,0.199938,-0.029029,0.001800596
EPPLER 656 AIRFOIL,-0.086346,-0.000633,0.04075,0.589382,0.081584,0.049548,-0.006823,0.086377,0.196033,0.012105,0.050792,-0.012769,0.001801408
Prandtl-D Centerline NASA TP-2016-219072,-0.005476,-0.000079,0.046967,0.866693,-0.016858,0.014312,-0.004949,0.052608,-0.007942,0.039024,0.010058,0.005643,0.001803784
MH 49,0.05429,0.080038,0.112264,1.021665,0.010056,0.09842,-0.125632,-0.064143,-0.041743,0.012194,-0.205281,0.047871,0.001803942
WORTMANN FX 66-17AII-182 AIRFOIL (AS TESTED AT NASA),-0.419004,-0.018165,0.068497,0.963149,-0.030474,0.479021,-0.024725,-0.098947,-0.010181,-0.074936,0.15306,0.012704,0.00180604
ARA-D 6% AIRFOIL,0.111868,0.129769,0.024962,1.042998,0.006374,-0.324839,-0.048991,0.051005,-0.014454,0.026594,0.063303,-0.068589,0.001807276
davissm,-0.022631,0.075601,-0.001672,1.143612,-0.002927,-0.25864,-0.014352,0.113321,-0.064903,0.012404,0.073488,-0.053301,0.00180821
Fage & Collins 2,0.135353,0.025913,0.157765,1.006471,0.026283,-0.273051,0.035142,-0.079717,-0.003859,0.0009,-0.015082,-0.016118,0.00180851
AS6091 | Ananda-Selig | AIAA Paper 2018-0310,0.268827,0.001963,-0.01526,0.978161,0.014198,-0.394737,0.006133,0.050295,-0.085678,0.036368,0.065209,0.07452,0.001809196
CLARK YS AIRFOIL,0.115284,0.034971,0.257447,0.788958,0.001384,0.006673,-0.047137,0.182114,-0.048546,0.053752,-0.361768,0.016865,0.001810508
RAF 32 MOD AIRFOIL,-0.006749,0.03889,-0.123046,1.108673,0.010474,-0.06966,-0.014606,0.020788,-0.020909,0.018294,0.076646,-0.038797,0.001810554
KC-135 BL200.76 AIRFOIL,0.007724,-0.000516,0.000933,1.254643,0.007702,-0.173049,0.033397,-0.172973,0.110198,-0.037454,0.000363,-0.030969,0.001810898
FX 60-126/1 AIRFOIL,0.023385,0.029997,-0.128679,1.00017,0.016379,0.112992,-0.045676,-0.032729,-0.050686,-0.017975,0.121151,-0.028329,0.001813676
E211  (10.96%),-0.002904,0.043297,-0.12235,1.146575,0.006244,-0.067781,-0.006971,-0.192501,0.02259,0.020774,0.179174,-0.026147,0.00181555
FX 66-S-196 V1 AIRFOIL,-0.403941,-0.005096,-0.027248,0.913996,0.056293,0.486316,-0.060691,0.05011,0.006587,-0.021206,0.072781,-0.067901,0.00181876
SELIG 3002-099-83,0.035004,0.038794,0.040035,0.929495,0.016347,-0.108399,-0.027764,-0.170105,0.099217,-0.00832,0.155408,0.000289,0.001820546
KC-135 Winglet (supercritical Whitcomb),0.092107,0.012513,-0.131066,1.242154,0.034119,-0.308262,0.035442,-0.25114,0.132897,-0.025205,0.207318,-0.040877,0.001820938
HQ 3.5/8 AIRFOIL,0.02108,0.028246,-0.053606,1.218586,0.01609,-0.202746,0.002008,-0.120076,0.043085,-0.026587,0.149524,-0.075604,0.001820998
NACA 66-210,0.030453,0.000812,-0.107343,1.252388,0.006337,-0.266183,0.046583,-0.175242,0.134733,0.05515,0.03021,-0.007899,0.001824196
GOE 611 AIRFOIL,-0.003215,-0.000449,0.219941,0.606289,0.085186,-0.098451,0.039103,0.105902,0.073044,-0.015016,-0.00349,-0.008844,0.001825318
GOE 374 AIRFOIL,0.144509,0.016866,0.226713,0.934942,0.041371,-0.311914,0.013871,-0.01254,0.017009,-0.012283,-0.016058,-0.042486,0.001826064
SA7035,0.066223,0.009483,0.008381,1.067269,0.014681,-0.109483,0.000916,-0.095498,-0.018618,0.024486,0.026051,0.006108,0.001828384
GIII BL86 AIRFOIL,0.063475,-0.000058,0.032493,1.132641,-0.004541,-0.184751,0.032252,-0.169327,0.054738,0.04629,-0.023641,0.020429,0.001828392
GOE 532 AIRFOIL,0.066452,0.046061,0.130232,0.683421,0.047464,0.070939,-0.055039,0.03263,-0.031623,-0.029112,0.021218,0.017357,0.001829604
DAE-21 AIRFOIL,-0.02186,-0.008944,0.092885,0.698691,0.028378,0.019834,-0.029616,0.250048,0.076585,-0.08044,0.009872,-0.035433,0.001830908
USA 40 B AIRFOIL,0.263351,0.038652,0.137542,0.375964,0.123331,-0.05326,-0.029503,-0.094116,0.052439,0.031296,0.193856,-0.039553,0.001831108
GOE 235 (SCHUETTE-LANZ) AIRFOIL,0.107506,0.050374,0.121446,0.984287,0.008998,-0.250278,-0.025919,-0.031356,0.014424,0.022644,-0.011307,0.009182,0.001831804
GOE 400 AIRFOIL,0.063849,0.017081,0.257146,0.74265,0.007879,-0.165209,-0.050752,0.104034,-0.044737,0.090003,-0.036614,0.01467,0.001836092
EPPLER 555 AIRFOIL,-0.047803,0.021006,-0.224876,1.038575,0.085406,0.185759,-0.023162,-0.181353,-0.014496,0.033104,0.210954,-0.083114,0.001836968
GOE 188 (SCHUETTE-LANZ 3U10) AIRFOIL,0.028099,0,0.168029,1.003659,0.015352,-0.18746,0.037219,-0.031593,0.015049,-0.037828,-0.004946,-0.00558,0.001837342
HQ 0/10 AIRFOIL,0.11535,0.009563,-0.095621,1.019049,0.111898,-0.111208,-0.03348,-0.202381,0.045059,0.155833,-0.01365,-0.000409,0.001837842
HQ 3.5/13 AIRFOIL,0.007857,0.001293,-0.028414,0.946112,0.008897,-0.031227,0.008799,-0.070957,0.120165,-0.047923,0.159876,-0.074477,0.001838328
GOE 445 AIRFOIL,0.122459,0.016366,-0.109345,1.455757,0.000233,-0.271084,0.019746,-0.217689,-0.038819,0.072703,-0.038925,-0.011403,0.001838546
GOE 121 (MVA H.1) AIRFOIL,0.19801,0.011128,0.14957,0.736695,0.01593,-0.286072,-0.018465,0.112518,0.004823,0.122424,-0.000422,-0.046139,0.001839174
HQ 2.5/8 AIRFOIL,0.027448,0.006611,-0.068804,1.291097,0.002055,-0.17329,0.013266,-0.135643,0.006661,-0.006193,0.078949,-0.042157,0.001840404
MH 108  11.98%,0.214755,0.011325,0.140526,0.775834,0.0206,0.001238,-0.03951,-0.114301,-0.021067,0.092014,-0.097161,0.015746,0.001841876
AH 63-K-127/24,-0.082431,-0.013026,-0.013978,0.971146,-0.008136,-0.08387,0.00615,0.043409,0.210045,-0.029278,0.035384,-0.035415,0.001842198
NASA/LANGLEY RC-10(B)3 AIRFOIL,0.156381,0.004752,0.048168,1.034204,0.011952,-0.284378,0.061175,-0.052654,0.05022,0.059806,-0.073568,-0.016059,0.001843992
EPPLER 858 AIRFOIL,0.05044,0.001343,0.092962,0.304887,0.048886,0.37537,-0.004766,0.047257,-0.00577,-0.013637,0.182904,-0.079875,0.001844948
GOE 275 (DAIMLER VI) AIRFOIL,0.181776,0.032733,0.155935,0.851683,0.077597,-0.281327,0.007462,0.007381,-0.0018,0.013795,0.010957,-0.056193,0.001846372
GOE 478 AIRFOIL,0.091242,0.003943,0.111553,0.597117,-0.000301,-0.046449,0.013787,0.077113,0.065843,0.035501,0.074142,-0.023491,0.001846698
GOE 325 (PFALZ 54) AIRFOIL,0.073468,0.043836,0.212551,0.864293,-0.00098,-0.199241,-0.008948,-0.009554,-0.002452,0.01291,0.048359,-0.034242,0.001848564
NASA/LANGLEY RC-12(N)1 AIRFOIL,0.007692,-0.002204,0.04041,1.149761,0.00009,-0.08306,0.024231,-0.108758,0.074315,-0.02697,-0.052683,-0.022824,0.001849136
GOE 442 AIRFOIL,0.186585,0.033508,0.100166,0.898659,0.046536,-0.245812,-0.000812,0.02507,-0.036685,0.022538,-0.019497,-0.010257,0.001850482
GOE 703 AIRFOIL,0.108038,0.000578,0.200666,0.202188,0.123827,0.081718,0.034187,0.006403,0.115911,0.125074,-0.09491,0.09632,0.001853674
HQ 2.5/9 B AIRFOIL,0.072527,0.004509,-0.073387,1.168763,0.017608,-0.185786,0.016699,-0.153729,0.061488,0.002,0.142613,-0.073304,0.001854566
EPPLER 340 AIRFOIL,0.056993,-0.001365,0.429535,0.645154,0.010199,0.029791,0.006994,-0.073614,0.024478,0.020615,-0.220512,0.071733,0.001856212
AG08,0.196191,0.09933,0.020775,1.128613,0.005248,-0.249729,-0.082571,-0.093528,-0.046958,0.09936,-0.033399,-0.043333,0.00185715
SA7024,0.145914,0.030025,-0.008987,0.957061,0.092954,-0.208934,-0.043991,-0.007011,-0.022079,0.110427,0.004702,-0.050081,0.001857268
GOE 384 AIRFOIL,-0.021967,-0.011854,0.311151,0.11742,0.0694,0.195969,0.012687,0.256458,0.108428,-0.037433,0.007747,-0.008007,0.001859118
BOEING 707 .54 SPAN AIRFOIL,0.012192,-0.003613,-0.00769,1.277504,0.036194,-0.222505,0.040055,-0.140441,0.056007,-0.007291,-0.002397,-0.038016,0.001859518
S6062 8%,0.072448,0.024247,-0.017667,1.109129,0.042772,-0.140983,-0.030043,-0.107828,-0.019969,0.095232,-0.029366,0.002028,0.001860114
GOE 509 AIRFOIL,0.174624,0.03611,0.249914,0.502095,0.027763,-0.194851,0.016742,0.11126,0.060231,0.020435,-0.117814,0.113492,0.001862888
GOE 798 AIRFOIL,0.038925,-0.001222,0.132934,0.188132,0.008262,0.143318,0.038971,0.268664,0.102193,0.037482,0.071571,-0.02923,0.001864612
HQ 2.0/8 AIRFOIL,0.033522,0.013825,-0.070314,1.301177,0.002363,-0.166469,0.004275,-0.151943,0.005144,0.003583,0.062413,-0.037577,0.00187064
NACA 5-H-10 AIRFOIL,0.033585,-0.003708,0.115932,0.99792,0.019593,-0.153613,-0.000032,0.040603,0.083835,0.021071,-0.223664,0.068477,0.001871856
GOE 278 (DAIMLER IX) AIRFOIL,0.130487,0.015999,0.150619,0.960266,0.044063,-0.305245,0.032151,-0.003436,0.003986,0.018737,0.029573,-0.0772,0.001873918
GOE 380 AIRFOIL,0.070312,0.026883,0.304174,0.844493,0.019457,-0.28594,0.006181,0.085887,0.008224,-0.005262,-0.024223,-0.050185,0.001873952
EPPLER 541 AIRFOIL,-0.010296,-0.040476,0.011511,0.775019,0.032114,-0.15286,0.063068,-0.08855,0.360928,0.043289,0.007156,-0.000904,0.001874054
NASA/LANGLEY RC08-64C AIRFOIL,0.125565,0.023531,-0.0401,1.26037,0.001308,-0.300757,0.038676,-0.153425,0.015354,0.072489,-0.030645,-0.012365,0.001875706
CLARK YH AIRFOIL,0.232428,0.010396,0.202211,0.680247,0.091361,-0.154351,0.015065,0.076714,0.068816,-0.046825,-0.244721,0.06866,0.001875932
SG6041,0.134283,0.001272,-0.050163,1.014564,0.061103,-0.263466,0.053473,-0.191174,0.088759,0.050576,0.114533,-0.013761,0.001877402
GOE 564 AIRFOIL,0.163772,0.07783,-0.040338,1.01916,0.060012,-0.272806,-0.021538,-0.071056,0.026027,0.06825,0.025396,-0.034709,0.001877766
USA 27 mod. AIRFOIL,0.218286,-0.003504,0.231341,0.350543,0.038468,-0.184948,0.061699,0.10601,0.100454,0.040063,-0.049047,0.090635,0.001878542
GOE 330 (PFALZ 59) AIRFOIL,0.052576,-0.000561,0.192289,0.796849,-0.008685,-0.157533,0.031696,0.148832,0.011032,-0.021668,0.049972,-0.0948,0.00187898
GOE 503 AIRFOIL,0.034066,0.002172,0.285298,0.165777,0.059561,0.030664,0.01899,0.227265,0.084958,0.01765,-0.075739,0.149337,0.001883196
NASA/LANGLEY RC-08(B)3 AIRFOIL,0.157475,0.001722,-0.006313,1.189131,0.004662,-0.320379,0.055745,-0.123199,0.022492,0.075916,-0.047294,-0.009959,0.00188332
RAE 104 AIRFOIL,0.08501,0.000783,-0.104089,1.26164,0.01409,-0.232116,0.040745,-0.212929,0.084552,0.07498,-0.011578,-0.001088,0.001884328
USA 25 AIRFOIL,0.179536,0.000061,0.362882,0.471087,0.010363,-0.335199,0.045505,0.058212,0.078927,0.094787,-0.006853,0.040692,0.001885922
GOE 321 (HANSA-BRANDENBURG III.1) AIRFOIL,0.002385,0.008256,0.334223,0.607074,0.030481,-0.028834,-0.006524,0.052116,0.027717,-0.026964,-0.050009,0.050079,0.001887282
S3010-103-84,0.055487,0.007733,0.081054,0.923856,0.006449,-0.006159,-0.028317,-0.040189,-0.023891,0.017111,-0.002833,0.009697,0.001888548
NPL 9626 AIRFOIL,0.11901,0.0101,-0.011954,1.050606,0.000561,-0.070714,0.024705,-0.153884,-0.019003,0.066192,-0.029469,0.013849,0.001890012
AS6094 | Ananda-Selig | AIAA Paper 2018-0310,0.170734,0.057593,0.07889,0.905062,-0.010052,-0.353316,-0.052315,0.219428,-0.105943,0.034392,0.143471,-0.087944,0.00189091
MUE 139,0.227503,0.051934,0.341764,0.317013,0.017619,0.040681,-0.056672,0.077322,-0.006209,-0.000711,-0.041839,0.031594,0.001895236
GOE 629 AIRFOIL,0.190549,0.003612,-0.040167,0.72916,0.021201,-0.064551,0.023919,0.023735,0.026518,0.072213,0.017816,-0.004006,0.001899266
EPPLER 297 AIRFOIL,0.044714,0.00008,-0.080493,1.163868,-0.002538,-0.107209,0.014349,-0.211439,0.100219,0.056665,0.002133,0.019653,0.001899282
EH 1.0/9.0,0.078703,0.002108,0.066806,1.071521,0.002782,-0.104812,-0.004567,-0.189208,-0.009638,0.070729,-0.034262,0.049837,0.001902392
GOE 600 AIRFOIL,0.018406,0.01783,-0.065013,1.045859,0.006299,0.005595,0.010192,-0.059087,0.004899,0.027139,-0.006816,-0.005302,0.001902472
GOE 504 AIRFOIL,0.020481,-0.012517,0.128784,0.358909,0.079734,0.141615,0.020759,0.161253,0.058826,0.015142,-0.002002,0.029016,0.001906538
FX 77-W-121,-0.013763,-0.041454,0.404099,0.655494,-0.013145,0.087195,0.001692,0.08328,-0.057104,-0.021418,-0.13441,0.049535,0.00191051
FX 84-W-218,-0.006111,-0.011737,0.047081,0.351012,0.032415,0.321413,-0.023336,0.118426,0.172551,0.006722,0.000491,-0.008925,0.001913312
LWK 80-080,0.092635,0.01383,-0.105808,1.355681,0.002692,-0.262312,0.022194,-0.224523,0.057812,0.06442,-0.013629,-0.002993,0.001913848
GOE 415 AIRFOIL,0.186004,0.028931,0.143832,0.923463,0.009896,-0.202432,-0.005523,-0.047099,-0.001633,-0.024525,-0.008665,-0.002248,0.001916
SD2030-086-88,0.116907,0.028805,-0.056409,1.126124,0.012054,-0.246943,0.016234,-0.107994,0.035695,0.062371,0.031596,-0.018439,0.001916148
USA 50 AIRFOIL,0.081237,0.002179,-0.025007,1.291336,0.007129,-0.227143,0.036067,-0.12288,-0.076907,0.056811,-0.021101,-0.00172,0.001916552
Rhode St. Genese 32,0.28155,0.010893,0.269758,0.303408,0.309847,-0.246523,0.02013,0.078446,0.081009,0.016292,-0.13579,0.010982,0.001916598
NASA/LANGLEY RC-12(B)3 AIRFOIL,0.100901,0.069075,0.11513,0.867573,0.006862,-0.198803,0.005593,0.005523,0.100211,0.029574,-0.094452,-0.007188,0.00191677
NACA 66-209,0.019753,0.002977,-0.102587,1.27713,0.00837,-0.266292,0.03437,-0.173169,0.112597,0.06952,0.022408,-0.005076,0.001916968
GOE 492 AIRFOIL,0.013415,0.047221,-0.111643,1.238408,0.00274,-0.226703,-0.019607,-0.059725,-0.003719,0.039565,0.073162,0.006886,0.001920138
LWK 79-100,0.098285,0.092764,-0.060304,1.125517,0.025649,0.009059,-0.116921,-0.183736,-0.029245,0.099134,-0.010126,-0.050075,0.001920494
NACA 65(3)-618,-0.184451,0.009642,-0.089123,0.838268,0.092907,0.142684,-0.014953,-0.035569,0.175041,0.025944,0.134548,-0.09494,0.00192172
EPPLER E1212MOD AIRFOIL,0.268852,0.098974,0.167484,0.268852,-0.042406,0.21943,-0.113337,-0.010556,0.021361,0.009136,0.058116,0.054094,0.001926322
NACA 63(4)-421,-0.106955,-0.005163,-0.06239,0.729186,0.040441,0.398677,-0.049694,-0.021773,0.091378,-0.000887,0.072391,-0.08521,0.001926564
HQ 2.1/9.5 AIRFOIL,0.054743,0.01662,-0.075463,1.143049,0.038708,-0.146793,0.003599,-0.172595,0.04536,0.020935,0.114984,-0.043148,0.001928628
NACA 64(4)-421,-0.164809,-0.003132,-0.10289,0.836288,0.047732,0.35833,-0.028032,-0.081903,0.127137,-0.032479,0.087558,-0.043801,0.001930602
USA 28 AIRFOIL,0.133047,0.007874,-0.111221,0.922837,-0.056262,-0.047086,0.03576,0.085536,-0.025993,0.014228,-0.01253,0.053809,0.001931504
S1048 14% (Danny Howell),0.101755,0.019677,-0.053323,0.938881,0.015712,0.120368,-0.049022,-0.159453,-0.014041,0.105901,-0.028958,0.002503,0.001931892
GOE 279 (DAIMLER X) AIRFOIL,0.173139,0.005471,0.142177,0.892196,0.07051,-0.352577,0.05034,0.006045,0.030407,0.013099,0.014835,-0.045642,0.001932322
NACA 1412,0.16467,0.081464,-0.051646,0.912533,0.05769,-0.100836,-0.037519,-0.136547,0.017808,0.100923,-0.003218,-0.005322,0.001935054
NACA 4421,0.171724,0.023539,0.05505,0.253759,0.042005,0.141246,0.022436,0.099971,0.110666,0.032161,0.056751,-0.009307,0.001936562
S8065 (11% version of S8064),0.064521,0.01683,-0.11686,1.175488,0.011613,-0.165958,0.019674,-0.139476,0.094986,0.034072,0.016866,-0.011757,0.001938204
S2062 8%,0.160545,0.02866,-0.068418,0.956116,0.091038,-0.209979,-0.04299,-0.098055,0.046558,0.146898,0.016928,-0.0273,0.001939254
GOE 346 (FRIEDRICHSHAFEN-STAAKEN) AIRFOIL,0.084063,0.010616,0.116115,1.114989,0.005278,-0.348312,0.036623,-0.040385,0.014617,0.019804,0.020502,-0.033909,0.001939748
GOE 433 AIRFOIL,0.108939,0.028517,-0.066655,0.261143,0.158294,0.25901,-0.093957,0.115793,0.000604,0.126493,0.144398,-0.042579,0.001942062
AG45ct -02f,0.091781,0.101973,0.069025,1.053552,0.041115,-0.120229,-0.11253,-0.114277,-0.044556,0.091658,-0.056887,-0.000623,0.001943506
NACA 2410,0.136824,0.06264,-0.03787,0.942658,0.08989,-0.146296,-0.030487,-0.05901,-0.030966,0.118739,-0.030929,-0.015194,0.00194443
GOE 482 AIRFOIL,-0.036662,-0.000265,0.192922,0.22419,0.027415,0.248671,-0.042729,0.254984,0.034176,-0.096808,0.197541,-0.003436,0.001944894
SD7032-099-88,0.011737,0.062093,0.042885,0.954705,0.01287,-0.046842,-0.052626,-0.052851,0.015127,-0.008508,0.066686,-0.005276,0.001945706
LWK 80-100,0.097785,0.000933,-0.099562,1.247792,-0.002829,-0.221629,0.03374,-0.220384,0.108427,0.05173,0.000759,0.003236,0.001947562
EPPLER 335 AIRFOIL,0.063123,-0.000823,0.38493,0.745154,0.011751,-0.020601,0.014148,-0.099171,0.016434,0.016982,-0.194681,0.062755,0.001948612
GOE 391 AIRFOIL,0.11333,0.003445,0.015653,1.28826,-0.000968,-0.388438,0.048754,-0.038926,-0.012293,0.037763,-0.008011,-0.058568,0.001948742
GOE 484 AIRFOIL,0.044879,0.073893,-0.034376,1.016439,0.047357,-0.249622,-0.044559,0.037601,-0.020969,0.074373,0.145108,-0.090123,0.00194998
GOE 598 AIRFOIL,0.070353,0.027689,-0.10808,1.372274,0.007847,-0.217561,-0.002196,-0.167984,-0.042478,0.071639,-0.018931,0.007427,0.001950884
S6063 7.05%,0.087853,0.06065,-0.032852,1.167016,0.032147,-0.163977,-0.059772,-0.126622,-0.026281,0.092244,-0.030575,0.000169,0.001956774
GOE 460 AIRFOIL,0.20492,0.017227,-0.053007,0.5598,0.054439,0.119011,0.019044,-0.089546,0.108955,0.106551,-0.029601,-0.017793,0.001958354
NACA 0008-34,0.080226,0.002833,-0.116558,1.43176,-0.000035,-0.268589,0.051223,-0.209144,-0.005548,0.077615,-0.04696,0.003177,0.001958574
GOE 401 AIRFOIL,0.080241,0.130165,0.320728,0.320728,0.245807,-0.222672,-0.149854,0.015196,0.07476,0.196194,0.031171,-0.042466,0.001959788
HQ 0/7 AIRFOIL,0.09641,0.037378,-0.105159,1.332523,0.036907,-0.190501,-0.032452,-0.222172,-0.014579,0.097254,-0.038281,0.002672,0.001961624
FX S 02-196 AIRFOIL,-0.291807,0.002487,-0.031979,0.935851,0.00536,0.406432,-0.04185,-0.046924,0.077992,-0.09987,0.145744,-0.061435,0.001963104
NACA 66(1)-212,0.01054,-0.010393,-0.091184,1.139715,0.000356,-0.213083,0.044401,-0.143109,0.201402,0.051082,0.019705,-0.009432,0.00196381
GOE 457 AIRFOIL,0.170929,0.071448,0.117607,0.9109,0.009437,-0.230918,-0.030386,0.004163,-0.024413,0.023345,0.01583,-0.037943,0.001965516
EPPLER 793 AIRFOIL,0.074763,0.015786,-0.007049,0.480552,0.135064,0.170623,-0.053741,0.009477,-0.030859,0.116953,0.109633,-0.0212,0.001966072
HAWKER TEMPEST 37.5% SEMISPAN AIRFOIL,0.04871,-0.003809,-0.036175,0.972893,0.005636,-0.071108,0.054249,-0.105908,0.074942,0.07633,-0.014737,-0.001024,0.001966422
MH 84  13.69%,0.248804,0.027571,0.26335,0.267994,0.119171,0.096751,-0.085146,0.070784,-0.023935,0.003143,0.003135,0.008378,0.001966712
NACA 66(2)-415,-0.019695,-0.009026,-0.082688,0.88542,0.044209,-0.172866,0.044605,-0.099959,0.297868,0.049009,0.081037,-0.017915,0.001968896
AG455ct -02f rot.,0.121511,0.035818,0.062933,1.136889,0.005284,-0.172775,-0.037387,-0.134554,-0.068658,0.07268,-0.027996,0.006255,0.001970658
MH 92  15.49%,0.089997,-0.000021,0.259369,0.664098,0.006055,0.145351,-0.024114,-0.114414,0.041709,0.008302,-0.099521,0.023187,0.001970726
EPPLER 561 AIRFOIL,0.037707,0.044932,-0.015315,0.352793,0.073286,0.254865,-0.085396,0.029862,-0.011094,0.106089,0.203774,0.008499,0.001974344
NACA 0012-34,0.045319,-0.000369,-0.10695,1.261627,-0.000473,-0.178891,0.069105,-0.187572,0.049868,0.07847,-0.035967,0.005833,0.001978396
WORTMANN FX L V-152 AIRFOIL,-0.002549,0.000154,-0.111213,1.158269,0.000056,0.171677,-0.018401,-0.181651,0.01613,-0.008226,-0.014131,-0.010114,0.001978476
CH10 (smoothed),-0.136736,-0.003487,-0.035298,0.51601,0.0586,-0.008799,0.00476,0.262649,0.120902,-0.071412,0.350916,-0.058104,0.001979212
S2050 8.93%,0.109728,0.029798,-0.068094,0.849327,0.174102,-0.163676,-0.038615,-0.237919,0.017248,0.217778,0.100322,0.010001,0.001979742
(Dicke 12.28%),0.012677,0.001659,-0.085638,1.127513,0.031,0.042294,-0.023944,-0.193448,0.006883,0.098526,-0.008219,-0.009302,0.001979842
BOEING 707 .40 SPAN AIRFOIL,-0.011162,-0.004566,0.027847,1.239146,0.038739,-0.175092,0.044629,-0.181257,0.011426,0.023486,-0.012318,-0.000878,0.00198205
GOE 593 AIRFOIL,0.035982,0.000079,0.101483,0.804668,0.008117,-0.070175,0.028482,0.027737,0.023581,0.017355,0.027938,-0.005247,0.001982274
NACA 8-H-12 AIRFOIL,0.009339,-0.001133,0.305289,0.800641,-0.012197,0.063665,-0.048053,0.101955,0.047679,-0.074723,-0.21068,0.018217,0.001982974
Drela T16,0.084415,0.16348,0.188222,0.809867,0.001659,-0.322324,-0.069169,0.278208,-0.104122,-0.038715,0.031574,-0.023095,0.00198429
HAM-STD HS1-712 AIRFOIL,0.153356,0.047565,0.004449,0.765543,0.009371,-0.272885,0.086114,-0.035069,0.038151,0.035363,0.169669,-0.001627,0.001984538
FX 66-S-161 AIRFOIL,-0.17545,-0.000001,0.028845,0.910208,-0.008807,0.326586,-0.058498,0.053269,-0.009163,-0.059029,0.008019,-0.015981,0.001985132
GOE 364 AIRFOIL,0.074983,0.010305,0.308438,0.579567,0.05297,-0.111578,0.005523,0.156061,0.029124,-0.046464,-0.048402,-0.010527,0.001986032
FX 60-160 AIRFOIL,-0.126785,0.000528,-0.115298,1.034951,0.01018,0.057725,0.018167,-0.133604,0.141937,-0.028407,0.249021,-0.108414,0.001987212
FX LIII-142 K 25 AIRFOIL,0.02599,0.00058,-0.049622,0.903776,0.074111,0.182735,-0.063061,-0.163584,-0.018972,0.127827,0.007256,-0.027037,0.001988122
NACA 64-008A AIRFOIL,0.011596,0.035209,-0.096499,1.395203,0.012509,-0.176454,-0.008894,-0.241794,-0.002789,0.077826,-0.002054,-0.003859,0.001993532
AG10,0.248293,0.057819,0.026854,1.167748,0.035834,-0.362744,-0.019901,-0.13753,-0.06035,0.086438,-0.025458,-0.017004,0.001994274
GIII BL126 AIRFOIL,0.036045,0,0.017469,1.18853,0.01508,-0.221248,0.038146,-0.20312,0.048037,0.045498,-0.002158,0.037721,0.001998234
EPPLER 556 AIRFOIL,-0.049757,0.022634,-0.228668,0.964951,0.112248,0.184751,-0.028528,-0.16433,-0.02208,0.057823,0.241031,-0.090074,0.002001882
NACA 747A415,-0.064237,0.008081,0.160172,0.729586,0.034031,0.02182,-0.014289,0.003448,0.170473,0.003307,-0.085552,0.033161,0.002003598
EPPLER 642 AIRFOIL,-0.016874,-0.002655,0.107146,0.64698,0.084634,-0.052663,0.012836,0.032394,0.177603,0.063617,-0.063964,0.010946,0.002005242
GOE 766 AIRFOIL,0.25884,0.011168,0.133432,0.774465,0.030202,-0.094131,0.004998,-0.154047,0.00684,0.054478,-0.038405,0.012159,0.00200653
FX 63-143 AIRFOIL,-0.024078,-0.007609,0.186174,0.783592,0.005919,0.027843,0.014821,-0.039046,0.06704,0.009535,-0.025856,0.001665,0.002007218
GOE 491 AIRFOIL,0.136371,0.015757,0.152577,1.108821,0.000508,-0.356339,0.028909,-0.097296,-0.024574,0.049587,-0.039135,0.024814,0.002007802
USA 49 AIRFOIL,0.098551,0.042095,-0.006219,1.136048,0.075916,-0.21102,-0.016599,-0.125254,-0.057557,0.112613,-0.054105,0.005529,0.002008408
GOE 565 AIRFOIL,0.127139,0.029525,-0.07387,1.067513,0.061669,-0.182534,-0.00342,-0.04331,-0.045219,0.069211,0.010914,-0.01762,0.002009504
GOE 562 AIRFOIL,-0.038488,-0.00327,0.362423,0.498491,0.018264,0.012421,0.034664,0.131485,0.012106,-0.028475,-0.004053,0.004433,0.002011268
LWK 80-120/K25,0.099051,-0.001015,-0.091784,1.163873,-0.019045,-0.17312,0.031606,-0.188555,0.164532,0.028935,-0.011214,-0.003264,0.002011512
NACA 63-206,0.009374,0.016088,-0.083354,1.382435,0.019577,-0.17576,-0.026385,-0.180708,-0.037357,0.089683,-0.001342,-0.012252,0.00201153
KC-135 BL351.6 AIRFOIL,0.006367,-0.002118,-0.004078,1.310762,0.001524,-0.214873,0.03486,-0.144893,0.081855,-0.035885,0.004192,-0.037714,0.002011728
RAF 33 AIRFOIL,-0.000787,-0.004264,0.433932,0.47523,0.021288,0.041607,-0.02586,0.179752,0.045529,-0.009617,-0.214114,0.057304,0.002012028
AG46ct  -02f rot.,0.135232,0.023952,0.049679,1.182433,-0.007449,-0.197719,-0.0225,-0.145356,-0.068239,0.065443,-0.030792,0.015315,0.002017318
S2048,0.090708,0.001165,-0.110116,1.244987,0.01626,-0.21339,0.035461,-0.179139,0.01626,0.036887,0.100176,-0.039259,0.002017596
E169  (14.4%),0.132341,0.072995,-0.04201,0.785424,0.075655,0.190907,-0.122283,-0.13934,-0.044932,0.137312,-0.052042,0.005974,0.00201831
NACA 1410,0.153064,0.064767,-0.062484,1.04625,0.067079,-0.155501,-0.025685,-0.134344,-0.018863,0.104232,-0.014981,-0.023533,0.002020208
EPPLER 678 AIRFOIL,-0.035853,-0.076795,-0.140073,0.755435,0.060089,-0.124938,0.106274,-0.043681,0.219624,0.029696,0.314679,-0.064456,0.00202056
NASA/LANGLEY RC10-64C AIRFOIL,0.129955,0.00466,-0.033102,1.107473,0.021578,-0.267254,0.054803,-0.142417,0.05582,0.092171,-0.015794,-0.007892,0.00202105
EPPLER 435 AIRFOIL,-0.117932,-0.018222,-0.083167,0.769199,0.085584,0.038374,0.027389,-0.101347,0.193425,-0.004439,0.287299,-0.076162,0.002022348
GOE 365 AIRFOIL,0.049293,0.000012,0.191604,0.703905,0.046185,-0.119061,0.022283,0.089221,0.080918,-0.028409,-0.005681,-0.030271,0.002024556
"NACA 66,2-(1.8)12 A=.6 P-51 TIP AIRFOIL",0.000882,-0.006949,-0.074464,1.146953,0.003322,-0.213078,0.052466,-0.139609,0.179886,0.028398,0.023568,-0.001375,0.002024796
NASA NLF(1)-1015,-0.090006,-0.023718,-0.183787,0.856722,0.071932,-0.089643,0.057301,-0.089715,0.217973,0.027125,0.338082,-0.092264,0.002025716
AG23 XC Bubble Dancer Root Airfoil,0.125118,0.035471,-0.025644,0.933052,0.059765,-0.111405,-0.069585,-0.076111,0.051655,0.085949,0.016582,-0.024848,0.002026594
NACA M3,0.183145,0.011161,-0.083738,1.084974,-0.006286,-0.166658,0.044814,-0.189834,0.038793,0.08297,0.001693,-0.001034,0.002027018
GIII BL387 AIRFOIL,0.110127,0.003139,0.051974,1.132951,0.026876,-0.235514,0.032902,-0.175731,0.023285,0.048214,-0.00798,-0.010242,0.002028894
FX 73-CL3-152,0.037454,0.030844,0.149793,0.263135,0.058095,0.197709,-0.057351,0.176011,-0.054933,-0.046735,0.263135,-0.017157,0.002030692
GOE 803 (HACKLINGER) AIRFOIL,0.027946,0.099845,0.173663,0.886548,-0.000551,-0.181456,-0.085473,0.102279,-0.041889,-0.010147,0.140416,-0.111182,0.002036298
AH 83-159,-0.115963,-0.0088,0.068776,0.673998,0.033659,-0.011495,-0.001803,0.04585,0.29233,0.001729,0.026501,-0.004782,0.002039852
20-32C AIRFOIL,0.077255,0.0582,0.317423,0.59229,0.047658,-0.151392,-0.055809,0.127729,-0.037681,-0.013117,0.008924,0.028521,0.002042028
BOEING-VERTOL VR-5 AIRFOIL,-0.022583,-0.021159,0.117251,0.959659,0.021197,-0.065292,0.019153,-0.046543,0.127495,-0.082989,0.007242,-0.01343,0.002044462
AG54,0.142967,0.004169,-0.000552,1.157393,0.008851,-0.169031,-0.000125,-0.07691,-0.072958,0.066028,-0.048561,-0.011271,0.002044556
EPPLER 521 AIRFOIL,0.073628,0.015642,-0.070226,0.991288,0.014049,-0.012774,-0.018821,-0.169985,0.134743,0.059601,-0.015884,-0.001262,0.002048886
EPPLER 580 AIRFOIL,-0.181721,0.027558,-0.12344,0.9008,0.091826,0.152155,-0.013963,-0.208078,0.080403,0.00017,0.366136,-0.091845,0.00205025
GOE 435 AIRFOIL,0.176285,0.01746,-0.104557,0.095411,0.053073,0.539023,-0.054402,0.100436,0.060056,-0.057768,0.186031,-0.011048,0.00205047
FX 61-168 AIRFOIL,-0.214779,0.004717,-0.010837,0.911351,0.054745,0.234847,-0.020291,-0.212016,0.086303,-0.00836,0.215128,-0.040807,0.002051
NACA 2421,0.21178,0.020593,0.007045,0.354873,0.04882,0.129675,0.024754,-0.012417,0.111188,0.063213,0.048591,-0.008114,0.002051534
GOE 507 AIRFOIL,0.148449,0.011221,0.025574,0.870986,0.043711,-0.201599,-0.006652,0.04098,0.001081,0.128173,-0.023681,-0.038242,0.002051766
WORTMANN FX 66-17A-175 AIRFOIL,-0.283274,-0.001015,0.055506,0.980987,-0.018026,0.431535,-0.034386,-0.032959,-0.10468,-0.082952,0.107885,-0.018621,0.002052182
FX 66-182 AIRFOIL,-0.351507,-0.017845,0.054339,0.984956,-0.019373,0.410177,-0.016992,-0.067815,0.000333,-0.085673,0.111427,-0.002028,0.002056426
UAG 88-143/20,-0.024489,-0.006477,0.01817,0.712518,0.031983,-0.170369,0.042524,0.229409,0.258072,-0.062908,0.08472,-0.113153,0.002056614
GOE 79 (PFALZ 11) AIRFOIL,0.098858,0.03684,0.321546,0.819884,0.018324,-0.263078,-0.013581,0.103017,-0.020405,-0.025908,-0.020717,-0.054779,0.002059708
WORTMANN FX 72-MS-150A AIRFOIL,-0.348565,0.002288,-0.033172,0.779992,0.047871,0.294441,-0.063147,0.223143,0.034211,-0.086385,0.269348,-0.120025,0.002059712
S8064,0.059102,-0.003398,-0.120243,1.121071,0.005996,-0.164083,0.046193,-0.152042,0.133608,0.037322,0.043956,-0.007482,0.002061138
GOE 207 (AVIATIK V8) AIRFOIL,0.027845,-0.00335,0.538512,0.524696,-0.005829,-0.142501,0.007951,0.081508,0.01399,-0.035742,0.032725,-0.039806,0.002061682
GOE 429 AIRFOIL,0.241574,0.058682,-0.078889,0.892188,0.07927,-0.0351,-0.085834,-0.180696,0.035836,0.098941,-0.001476,-0.024496,0.00206339
SA7025,0.043559,0.030407,-0.009511,1.11054,0.003304,-0.133369,-0.020357,0.005733,-0.031822,0.012997,0.003987,-0.015467,0.002063806
EPPLER 587 AIRFOIL,-0.11387,-0.054699,-0.072462,0.743153,0.092512,0.028237,0.058386,-0.094789,0.199852,0.018393,0.268994,-0.073707,0.002065894
CLARK V AIRFOIL,0.127844,-0.000579,-0.077711,0.96769,0.017483,-0.172369,0.061012,0.010222,0.008602,0.055404,0.02487,-0.022468,0.00206844
GOE 534 AIRFOIL,0.361861,0.076545,0.132903,0.436708,0.030634,0.047709,-0.085833,0.197488,-0.078076,-0.030264,-0.050564,-0.039112,0.002069608
GOE 602 MOD. AIRFOIL,0.041085,0.093483,-0.043742,1.059354,0.000882,-0.089254,-0.062378,0.007314,-0.013428,0.005229,0.045809,-0.044354,0.00207217
GOE 238 (HANSA-BRANDENBURG) AIRFOIL,0.004411,-0.014471,0.377713,0.566017,0.020713,-0.056489,-0.009424,0.07508,0.021742,-0.006277,-0.058915,0.0799,0.002073292
EPPLER 655 AIRFOIL,-0.071883,-0.006323,0.008613,0.60392,0.069258,0.084185,-0.001673,0.024269,0.210745,0.014029,0.08482,-0.019961,0.00207602
GOE 115 (MVA MK.2) AIRFOIL,0.000768,0.034282,-0.062145,0.898177,0.043733,0.000936,-0.061145,0.040334,-0.046966,0.095881,-0.016904,0.07305,0.002077744
E487,0.277419,0.035597,-0.026656,0.615715,0.04583,0.130369,-0.073859,-0.13093,-0.00315,0.144886,-0.015758,0.000537,0.00207846
HQ 1.0/10 AIRFOIL,0.021856,0.040025,-0.072227,1.17712,0.025515,-0.077616,-0.026521,-0.206334,0.028276,0.036542,0.054709,-0.001345,0.002082172
LISSAMAN 7769 AIRFOIL,-0.012864,0.036989,0.493481,0.495236,-0.005662,0.158899,-0.101207,-0.024651,-0.079102,0.025638,-0.047655,0.060899,0.002082814
FAUVEL 14% AIRFOIL,0.106717,0.00237,0.470268,0.428237,0.007238,0.128436,-0.023664,-0.19298,-0.002114,0.011957,-0.113707,0.17724,0.002082902
ONERA HOR07 AIRFOIL,0.045198,0.004728,0.101132,0.818589,0.029846,-0.083818,-0.053843,0.10408,-0.071164,0.110189,-0.046767,0.04183,0.002083222
AS6095 | Ananda-Selig | AIAA Paper 2018-0310,0.199355,0.098603,0.053178,0.816117,0.001054,-0.293278,-0.097004,0.249719,-0.119605,0.050252,0.131578,-0.089971,0.002083554
D.G.A. 1138,0.238105,0.008168,0.041875,1.067082,0.039729,-0.399543,0.062485,-0.016662,0.037122,-0.006853,-0.084951,0.013443,0.002087358
HORSTMANN AND QUAST HQ-300 GD(MOD 2) AIRFOIL,-0.128755,0.016557,0.105336,0.536124,0.125805,0.095586,-0.032823,-0.0409,0.207135,0.035296,0.060191,0.020447,0.002090402
SIKORSKY SC1095 AIRFOIL,0.271514,0.018724,-0.037559,1.012557,0.038934,-0.242599,0.02068,-0.157011,0.015629,0.083974,-0.015084,-0.009759,0.002095452
EPPLER 547 AIRFOIL,-0.117973,-0.010178,0.087802,0.795225,0.032085,0.092875,0.01554,-0.188791,0.211279,-0.003977,0.090254,-0.004141,0.002096188
AH 93-W-215,-0.064965,-0.003921,0.092213,0.47987,-0.001344,0.338941,-0.006113,-0.021289,0.083476,0.008101,0.093344,0.001686,0.002096518
IST-MT1-18,-0.095245,0.000221,-0.074287,0.354347,0.000991,0.424881,-0.091174,0.266643,-0.006813,-0.016811,0.236899,0.000348,0.00209678
GOE 280 (DAIMLER XI) AIRFOIL,0.147613,0.00712,0.18046,0.888591,0.06538,-0.327175,0.051752,-0.015365,0.022266,0.010931,0.03021,-0.061784,0.002098002
ONERA OA206 AIRFOIL,0.148499,0.025264,0.012569,1.274347,0.004336,-0.300535,0.007215,-0.20615,0.007219,0.061838,-0.038024,0.003421,0.00209835
GOE 29B AIRFOIL,0.003235,0.024514,0.410242,0.530717,-0.000506,-0.064998,-0.028815,0.100014,0.003543,-0.032736,0.055693,-0.000903,0.002100566
GOE 477 AIRFOIL,0.037628,-0.001962,0.10256,0.826023,0.003247,-0.118124,0.011347,0.130195,0.0362,-0.004161,0.004535,-0.027487,0.002101214
I.S.A. 961,0.244098,0.00117,0.195553,0.738386,0.058385,-0.294486,0.057664,0.085004,0.034415,-0.054296,-0.067324,0.00143,0.00210194
MH 91  14.98%,0.077718,0.000111,0.24009,0.708333,0.000977,0.136403,-0.023043,-0.118388,0.031496,0.007442,-0.088192,0.027052,0.002102272
ARA-D 13% AIRFOIL,0.161705,0.071318,0.237591,0.600298,-0.000081,-0.077133,-0.00946,-0.008674,0.015413,0.010156,-0.001342,0.00021,0.00210624
ONERA HOR04 AIRFOIL,0.049877,0.064931,-0.075252,1.557347,-0.04264,-0.272534,-0.021868,-0.187158,-0.082936,0.014006,0.018818,-0.022589,0.002106824
GOE 147 (MVA H.6) AIRFOIL,0.183618,0.070184,0.256647,0.707655,0.003209,-0.196872,-0.073265,-0.01839,-0.008323,0.083804,-0.019127,0.01086,0.00210684
GIII BL0 AIRFOIL,0.174862,-0.009659,0.028338,1.041502,0.035662,-0.228162,0.067963,-0.182095,0.037676,0.078914,-0.040967,-0.004034,0.002106876
AS6097 | Ananda-Selig | AIAA Paper 2018-0310,0.071243,0.097392,0.140863,0.819687,-0.019063,-0.334957,-0.085676,0.244461,-0.066071,-0.005668,0.233358,-0.095569,0.002107382
N-14,0.217949,0.010466,-0.086558,1.064153,0.007647,-0.20864,0.045365,-0.171657,0.063015,0.084996,-0.030086,0.00335,0.002112838
GOE 627 AIRFOIL,0.27567,-0.002791,0.170757,0.308146,0.183661,-0.132991,0.05231,0.040422,0.093627,0.075636,-0.03648,-0.027968,0.00211411
GOE 502 AIRFOIL,0.097248,0.020951,-0.051111,0.229227,0.115652,0.147254,-0.05908,0.166019,0.010205,0.15238,0.170589,0.000667,0.002114656
FX 79-L-100,0.041784,0.029484,-0.078892,1.159864,0.048865,-0.023212,-0.050891,-0.207456,-0.025578,0.128217,-0.005865,-0.01632,0.002116854
SD7090 (10%),0.101684,0.050608,0.013511,0.960941,0.036853,-0.099791,-0.028246,-0.148199,-0.010665,0.07288,0.028508,0.021915,0.002117088
NASA/LANGLEY RC12-64C AIRFOIL,0.140204,-0.000265,-0.025149,1.000637,0.001779,-0.238231,0.065205,-0.136638,0.115981,0.074837,0.007645,-0.006004,0.002117518
GOE 63 AIRFOIL,0.074485,0.043703,0.310477,0.632585,0.044242,-0.165935,-0.027101,0.194695,-0.020332,-0.013808,-0.051615,-0.021397,0.002122332
"NACA 66,2-(1.8)15.5 A=.6 P-51 ROOT AIRFOIL",-0.011111,-0.000266,-0.064363,0.937883,0.021512,-0.143749,0.034726,-0.089525,0.301406,0.019624,-0.000866,-0.00527,0.00212261
SM701,0.039371,-0.002217,-0.048845,0.738321,0.090321,-0.005854,0.02078,-0.114614,0.151003,0.035347,0.245921,-0.149534,0.002122806
S7075 (9%),0.104374,0.040758,-0.04476,0.745942,0.191254,-0.178244,-0.043927,-0.078162,0.01811,0.190928,0.068207,-0.01448,0.002123186
Rhode St. Genese 34,0.230463,0.014375,0.357753,0.176376,0.270587,-0.122148,0.000104,0.145986,0.13015,-0.062493,-0.162417,0.021264,0.002123798
EPPLER 399 AIRFOIL,-0.061354,0.023296,-0.094177,0.498666,0.118364,0.166812,-0.093529,0.065297,0.119828,0.091358,0.177494,-0.012056,0.002124946
AH 79-K-132/20,-0.026925,-0.016791,0.082468,0.767551,0.016708,-0.094774,0.010857,0.070079,0.218182,-0.002081,-0.016774,-0.0085,0.002127248
GIII BL288 AIRFOIL,0.028827,-0.000005,0.025567,1.234187,-0.00294,-0.212793,0.036657,-0.189611,0.024177,0.047341,0.006239,0.002356,0.002128652
GOE 265 AIRFOIL,0.059658,0.010631,0.437788,0.400285,0.035531,-0.130018,-0.040289,0.199892,-0.040333,0.047244,-0.004767,0.024379,0.002134302
HQ 1.5/9 B AIRFOIL,0.040863,0.014654,-0.069137,1.059241,0.109238,-0.124252,-0.021675,-0.177042,0.008139,0.119205,0.05048,-0.009713,0.002135614
NACA 66(2)-215,-0.006612,0.002479,-0.080131,0.969263,0.023841,-0.150224,0.029795,-0.115061,0.28356,0.047397,0.005057,-0.009365,0.002135758
GOE 804 (EA 8) AIRFOIL,0.019014,0.000034,-0.099259,1.089157,0.005735,-0.341979,0.043611,0.009612,0.041642,0.056785,0.272893,-0.097245,0.002136024
GOE 371 AIRFOIL,0.044027,0.002764,0.089523,1.056419,0.000192,-0.200276,0.01046,0.053835,-0.032359,-0.006489,0.006052,-0.024148,0.002139474
GOE 276 (DAIMLER VII) AIRFOIL,0.152792,0.011631,0.117605,0.98382,0.030086,-0.312091,0.046397,-0.055163,-0.018039,0.020545,0.052383,-0.029966,0.002142458
NACA 64(4)-221,-0.13503,-0.000891,-0.106493,0.924646,0.016196,0.36281,-0.031157,-0.102978,0.121677,-0.038392,0.026258,-0.036645,0.00214416
AH 93-W-174,-0.16302,-0.010289,0.141451,0.586988,-0.018306,0.338377,-0.052095,0.022214,0.051128,0.013184,0.060888,0.029479,0.00215007
HQ 1.0/8 AIRFOIL,0.030544,0.045796,-0.08013,1.399079,-0.048461,-0.132996,-0.024203,-0.188259,0.004768,-0.009834,0.010548,-0.006853,0.002151076
RAF 89 AIRFOIL,0.167726,-0.03443,-0.044787,0.35089,0.015277,0.358669,0.026368,0.105977,0.110274,0.023821,-0.018181,-0.061604,0.002153892
ARA-D 10% AIRFOIL,0.181466,0.081197,0.133266,0.757177,0.030972,-0.218995,-0.00458,0.012605,-0.008276,0.042204,0.012919,-0.019955,0.002158204
S8052 (11.88%),0.015448,-0.000092,0.007046,1.044098,-0.004145,-0.003246,-0.000489,-0.109207,0.040113,0.00796,-0.002548,0.005062,0.002160142
EPPLER 479 AIRFOIL,0.281332,0.041158,-0.018111,0.470169,0.094613,0.180405,-0.110459,-0.097579,0.044315,0.150879,-0.032642,-0.00408,0.002161758
MH 46  11.39%,0.061634,0.026898,0.155962,0.913032,0.000041,0.135775,-0.093739,0.021661,-0.033008,-0.032141,-0.196073,0.03996,0.002162218
NACA 0010-34,0.052634,0.004595,-0.109674,1.350715,0.001867,-0.217093,0.061961,-0.211459,0.002588,0.087115,-0.034944,0.011694,0.002162906
S4110,0.090343,0.087567,-0.01498,0.840719,0.113533,-0.131595,-0.104563,-0.022827,0.014993,0.150906,0.045081,-0.069179,0.002165772
NACA 65(3)-218,-0.098548,-0.00166,-0.097614,0.949995,0.050116,0.109935,-0.000419,-0.102967,0.185,0.027439,0.041833,-0.063111,0.002166334
GOE 55 AIRFOIL,0.329038,0.098569,0.104951,1.040151,0.022317,-0.331269,-0.057017,-0.141589,-0.047241,0.056209,-0.018214,-0.055904,0.002168462
RG-15 8.9%,0.016284,0.162219,-0.020717,0.869417,0.144228,-0.094054,-0.153106,-0.200401,0.031235,0.188997,0.054362,0.001536,0.002176912
GOE 116 (MVA MK.3) AIRFOIL,-0.024955,0.00141,0.017035,0.858213,0.026085,-0.047067,-0.044176,0.138877,0.004757,0.116433,-0.03127,-0.015341,0.002177128
MH 122  9.32%,0.059612,0.001889,-0.278318,1.276424,0.057375,-0.231136,0.040104,-0.089522,0.043612,0.040153,0.179303,-0.099497,0.002178836
GOE 421 AIRFOIL,0.028169,0.011227,0.036397,0.22472,0.032386,0.13631,0.027859,0.308481,0.067345,-0.006854,0.127127,0.006834,0.002178988
GOE 738 AIRFOIL,0.100814,0.000314,0.227145,0.609317,-0.033236,0.158341,-0.028327,-0.010778,0.029195,-0.007696,-0.057909,0.012821,0.002179444
GOE 409 AIRFOIL,0.166302,0.011573,-0.074909,1.039821,-0.00147,-0.11699,0.024964,-0.149848,0.054559,0.094526,-0.023158,-0.025371,0.00218055
AG47ct  -02f rot.,0.170925,0.005605,0.010544,1.270519,-0.004303,-0.250994,-0.012381,-0.124673,-0.079793,0.090599,-0.063331,-0.012716,0.002181064
S8025 (8%),0.212897,0.038804,-0.019581,1.232144,-0.011362,-0.146362,-0.028441,-0.187771,-0.076868,0.042478,-0.059464,0.003526,0.002181414
BOEING-VERTOL VR-15 AIRFOIL,0.221897,0.035386,0.021132,1.18233,0.007869,-0.316541,0.027756,-0.100818,0.014121,0.033047,-0.093344,-0.032836,0.002182016
NACA M22 AIRFOIL,-0.059958,-0.035166,0.579944,0.579809,0.011889,-0.187833,0.012294,0.175083,0.009736,-0.00069,-0.216108,0.130999,0.002182804
FX 66-17AII-182 AIRFOIL,-0.346669,-0.002581,0.05181,1.023523,-0.036992,0.403548,-0.023126,-0.067476,0.008272,-0.111113,0.118399,-0.017594,0.002184244
GOE 227 (MVA H.37) AIRFOIL,-0.091673,0.060575,-0.07306,0.487249,0.051972,0.209976,-0.094414,0.14873,0.001983,0.020691,0.30033,-0.022359,0.0021852
EPPLER 904 AIRFOIL,0.078084,-0.000421,-0.097884,1.24607,0.009102,-0.303979,0.060536,-0.113601,0.057279,0.094193,-0.024084,-0.005295,0.00218556
RAE 102 AIRFOIL,0.020882,0.025763,-0.08189,1.256135,0.016797,-0.065435,-0.020584,-0.213512,-0.015523,0.094725,-0.005598,-0.011759,0.002185902
GOE 780 AIRFOIL,0.003777,-0.005833,-0.112216,1.27284,0.021522,-0.317455,0.085942,-0.087855,0.178952,0.022628,-0.068745,0.006443,0.002185924
NASA/LANGLEY LS(1)-0413MOD AIRFOIL,0.010969,0.009604,0.02127,0.87647,0.049118,-0.040778,0.005129,-0.183231,0.128699,0.001856,0.130583,-0.009688,0.00218782
J5012   12%,0.145397,0.020844,-0.082603,1.09167,0.003529,-0.123673,0.023534,-0.190084,0.033028,0.085241,-0.013037,0.006153,0.002189818
WORTMANN FX 79-K-144/17 AIRFOIL,-0.052059,-0.000228,0.033881,0.508567,0.140342,-0.046745,-0.061688,0.05168,0.312928,0.143092,-0.026913,-0.002856,0.002190796
DU 86-137/25 AIRFOIL,0.018804,0.008861,-0.070736,1.123313,0.006562,-0.055044,0.004213,-0.214547,0.165057,0.022951,-0.011872,0.002438,0.002200094
GOE 505 AIRFOIL,0.24649,0.00871,0.209594,0.295695,0.012802,-0.185908,0.047468,0.243251,0.120729,0.039701,-0.048947,0.010415,0.002200702
GOE 411 AIRFOIL,0.126945,0.082191,-0.102464,1.121584,0.005635,-0.084895,-0.018046,-0.153759,0.038064,0.062306,-0.070337,-0.007224,0.002202294
HUGHES HELICOPTERS HH-02 AIRFOIL,0.161388,0.017733,0.004179,1.213205,-0.00952,-0.078464,-0.038424,0.090816,0.000597,-0.093048,-0.168517,-0.099945,0.002203324
I.S.A. 571,0.186051,0.038275,0.150865,0.983624,0.040752,-0.31561,0.026052,-0.053122,-0.013176,0.005732,-0.005678,-0.043765,0.002208314
FX 75-141,-0.040325,-0.008612,-0.103346,0.895398,0.015399,0.034145,-0.019481,-0.026475,0.15243,0.033997,0.173793,-0.106923,0.00220863
HOBIESMO1.DAT,0.027236,0.038408,-0.001641,0.941578,0.015826,-0.040015,-0.067394,0.057527,-0.037159,0.054588,-0.013943,0.02499,0.002209962
GOE 512 AIRFOIL,0.23854,0.014376,0.285937,0.268542,0.057457,-0.17094,0.05041,0.140961,0.086139,0.031985,-0.092914,0.089507,0.002210026
BOEING-VERTOL VR-14 AIRFOIL,0.24807,0.004008,0.036104,1.073691,0.056783,-0.348105,0.054803,-0.10058,0.022318,0.043861,-0.065161,-0.025791,0.002210046
GIII BL332 AIRFOIL,0.03991,-0.000025,0.036264,1.212006,-0.004744,-0.209769,0.036075,-0.190655,0.023125,0.044444,0.012753,0.000616,0.002212166
LOCKHEED L-188 ROOT AIRFOIL,0.089635,0.005799,-0.104791,1.004267,0.007105,-0.128261,0.04385,-0.059917,0.129204,0.023462,0.068254,-0.078607,0.002213264
Supermarine 371-I (root),0.017826,-0.004344,-0.069943,1.095394,-0.00457,-0.09467,0.025321,-0.125223,0.146493,0.023971,-0.00704,-0.003216,0.002215056
AH 81-K-144/17,-0.045293,-0.154346,0.005026,0.633946,0.105736,-0.012635,0.072631,0.213812,0.186027,0.080139,-0.077294,-0.007749,0.00222005
BE50 (original),0.148781,0.061595,0.055206,0.995095,0.087745,-0.20008,-0.035081,0.016401,-0.078533,-0.000667,-0.022517,-0.027946,0.002221552
MH 95  15.86%,0.210753,0.0207,-0.001214,0.479172,0.215381,-0.119168,0.01456,-0.122817,0.133542,0.192474,0.043954,-0.067335,0.002221882
NACA 0006,0.150734,0.079979,-0.088411,1.271181,0.049519,-0.252158,-0.060689,-0.216944,-0.031607,0.153458,-0.04253,-0.012531,0.002223552
NACA 747A315,-0.027968,0.001955,0.152621,0.743277,0.030508,0.001331,-0.004385,-0.024648,0.178007,0.000239,-0.106006,0.055068,0.002225322
N-9,0.210251,0.020855,0.103495,0.925337,0.149688,-0.282221,0.031916,-0.050572,-0.003436,-0.019804,-0.117897,0.032389,0.002227568
GOE 322 (HANSA-BRANDENBURG IV.1) AIRFOIL,-0.010062,0.000197,0.377541,0.460769,0.024616,0.024853,0.000922,0.1329,0.040056,-0.038133,-0.026906,0.013246,0.00222787
FX74_CL5_140,-0.397086,-0.005398,0.338053,0.408249,0.017649,0.293881,-0.034251,-0.021225,0.047926,-0.145943,0.376221,0.121924,0.002228402
E168  (12.45%),0.180276,0.00795,-0.043404,0.917708,0.02319,0.064123,-0.048599,-0.1543,-0.043652,0.123903,-0.035398,0.008204,0.00222842
NACA 66-206,0.030393,0.006321,-0.104576,1.430533,-0.001632,-0.304246,0.021349,-0.182353,0.034207,0.072335,-0.000721,-0.00161,0.002228494
NACA 0010-34 a=0.8 c(li)=0.2,0.008913,0.000516,-0.118165,1.321141,0.005718,-0.200876,0.063111,-0.151201,0.00741,0.057282,-0.001814,0.007966,0.002231454
E. Bambino,0.037469,0.087982,0.033818,1.169586,-0.018808,-0.252252,-0.052515,-0.197883,-0.002307,0.158285,0.027761,0.008863,0.002234846
EPPLER 583 AIRFOIL,-0.076631,-0.063893,0.125922,0.540132,0.07436,0.012499,0.053949,0.048092,0.211825,0.024239,0.035618,0.013889,0.002236922
AH 94-145,-0.096838,0.005735,0.062085,0.697287,0.024285,0.030443,-0.009982,0.136914,0.160646,-0.053717,0.053062,-0.009919,0.002239304
S2046,0.066809,0.063688,-0.088406,1.051633,0.058518,-0.090567,-0.064398,-0.132503,-0.006458,0.076951,0.136414,-0.071683,0.002242892
EPPLER 584 AIRFOIL,-0.075427,-0.039141,0.161962,0.4804,0.082049,0.017044,0.03012,0.111035,0.20073,0.059577,-0.043836,0.015487,0.002242898
EPPLER 379 AIRFOIL,0.00125,-0.028178,0.549961,0.792488,-0.004003,-0.343968,-0.000243,0.163293,-0.002761,-0.096894,-0.077709,0.046764,0.002244036
GOE 443 AIRFOIL,0.045397,0.093384,-0.096812,1.425102,0.030983,-0.258319,-0.072221,-0.262419,-0.008671,0.126806,-0.025661,0.002432,0.00224453
DS21 Joe Wurts,0.075997,0.052178,-0.000768,1.026584,0.030944,-0.097401,-0.066258,-0.107084,-0.00484,0.107004,0.007431,-0.023787,0.002248988
AH 80-140,-0.047183,-0.008889,0.330887,0.591411,-0.013708,0.196274,-0.049748,0.059515,0.0051,-0.029337,-0.084358,0.050037,0.002249636
NACA 5-H-15 AIRFOIL,-0.123023,-0.032506,0.226684,0.706315,0.039893,0.139464,-0.031492,0.26672,0.103194,0.037853,-0.344961,0.011858,0.002252016
NACA 66(3)-418,-0.045667,-0.002632,-0.079338,0.702671,0.108594,-0.097302,0.031967,-0.043761,0.332134,0.089122,0.051581,-0.047371,0.00225235
NASA/LANGLEY LS(1)-0413 (GA(W)-2) AIRFOIL,0.0761,0.041603,-0.106146,0.947775,0.063136,-0.167603,0.007132,-0.194353,0.200031,0.007612,0.184607,-0.059895,0.00225354
EPPLER 542 AIRFOIL,-0.055803,-0.002761,0.108094,0.693114,0.062119,-0.043709,0.018809,-0.104954,0.277561,0.058766,-0.026466,0.015231,0.00225479
GOE 274 (DAIMLER V) AIRFOIL,0.184371,0.006436,0.172247,0.816184,0.04013,-0.32733,0.060009,0.012192,0.015269,0.025837,0.091051,-0.096396,0.002256124
S2060 8%,0.099503,0.053656,-0.068036,0.989591,0.106596,-0.165048,-0.060159,-0.122868,-0.006878,0.167508,0.035137,-0.029003,0.002256562
AH-6-40-7 AIRFOIL,0.049479,0.072927,0.04779,0.972093,0.017596,-0.198539,-0.036417,0.061608,-0.060346,0.01122,0.078448,-0.015859,0.002257586
OAF128 AIRFOIL,0.178057,0.126364,0.002284,0.756996,0.024751,0.097739,-0.145384,-0.118288,-0.040366,0.117893,0.007312,-0.007358,0.002259896
GOE 381 AIRFOIL,0.071789,0.002366,0.322355,0.820512,0.013313,-0.302614,0.015333,0.109705,0.037388,-0.006617,0.014674,-0.098203,0.002260968
AH 82-150 F,-0.003709,0.000009,0.000711,0.721736,0.0439,-0.182715,0.0242,0.131447,0.298352,0.051729,0.005865,-0.091525,0.00226105
HQ 0/9 AIRFOIL,0.050277,0.047147,-0.090152,1.268382,0.025771,-0.126862,-0.047484,-0.240866,0.011607,0.093085,-0.007876,0.016972,0.002262102
MARSKE XM-1D AIRFOIL (F14-3.0),0.081529,0.003323,0.503266,0.426724,0.016403,0.163881,-0.03237,-0.161991,-0.028536,-0.004022,-0.143486,0.17528,0.002263946
EPPLER 559 AIRFOIL,0.035275,0.111512,-0.053511,0.481765,0.072643,0.235923,-0.136521,-0.022212,-0.014253,0.117258,0.170446,0.001673,0.002265268
EPPLER 1200 AIRFOIL,0.000566,0.000617,-0.026085,0.655365,0.092987,0.03578,0.001825,-0.003348,0.193984,0.028323,0.124841,-0.104856,0.002265684
RAF 27 AIRFOIL,0.121907,0.057489,-0.092211,1.176786,0.047528,-0.125206,-0.025699,-0.200067,-0.031393,0.105462,-0.049439,0.014844,0.002266158
GOE 92 AIRFOIL,0.079898,0.041536,0.302915,0.702595,0.080934,-0.181504,-0.022881,0.075159,0.011158,-0.00428,-0.037095,-0.048436,0.00226635
NACA 0018,0.229817,0.073371,-0.056693,0.685817,0.033186,0.049186,-0.015168,-0.137132,0.073922,0.079997,-0.008082,-0.008222,0.002267984
BOEING-VERTOL VR-9 AIRFOIL,0.052168,-0.001782,-0.072676,1.409367,0.000799,-0.182337,-0.008713,-0.193977,-0.056836,0.103136,-0.049065,-0.000083,0.002268756
MARSKE PIONEER IID ROOT AIRFOIL (NACA 431012A/24112 HYBRID),0.283005,0.007786,0.310356,0.606723,0.10274,-0.157548,0.015573,-0.106473,0.063169,0.028474,-0.172372,0.018565,0.002269312
GOE 404 AIRFOIL,0.088713,0.012752,0.304899,0.426798,0.008802,0.006642,-0.00706,0.061984,0.036412,0.003804,0.053795,0.002459,0.002272022
GOE 323 (HANSA-BRANDENBURG V.1) AIRFOIL,0.018296,0.016437,0.421567,0.526233,0.023687,0.026265,-0.040186,0.048592,0.006058,-0.028669,-0.061593,0.043314,0.002277864
NACA M3 AIRFOIL,0.159955,0.025246,-0.08216,1.105571,-0.003177,-0.142021,0.030965,-0.187803,0.02241,0.082918,-0.018,0.006094,0.002279218
FX 60-157 AIRFOIL,0.02308,0.007047,-0.097989,0.771504,0.080744,-0.095518,0.032177,-0.271224,0.267915,0.043266,0.272947,-0.033949,0.002279824
AG24 Bubble Dancer DLG by Mark Drela | The AG2x airfoils are intended to be used on composite versions of the Bubble Dancer and the Allegro-Lite.,0.067221,0.086401,-0.019916,0.984169,0.07159,-0.065348,-0.10302,-0.101231,-0.028782,0.104955,-0.002929,0.00689,0.002282164
NACA 23015,0.239581,0.031917,0.079079,0.716112,0.076017,-0.06368,0.017107,-0.102026,0.047165,0.045249,-0.075113,-0.011407,0.002283348
SIKORSKY GS-1 AIRFOIL,0.04402,0.030618,0.028498,0.540979,0.021166,0.141145,-0.066228,0.093233,-0.024202,0.119748,0.039823,0.031199,0.00228386
GOE 652 AIRFOIL,0.284401,0.040965,-0.220898,0.129674,-0.011004,0.245592,-0.107756,0.313991,-0.052249,0.002825,0.380946,-0.006489,0.002286284
MRC-20,0.005771,-0.015621,0.003568,0.818084,0.130218,-0.139738,0.084263,-0.09071,0.122845,0.067076,0.147134,-0.13289,0.00228785
EPPLER 540 AIRFOIL,-0.064468,-0.006607,0.000588,0.816906,0.037808,-0.078546,0.029486,-0.140521,0.326858,0.036465,0.057445,-0.015414,0.002290816
NACA 23012  12%,0.238224,0.009798,0.08585,0.932496,0.03523,-0.165858,0.038966,-0.109079,0.016266,0.031982,-0.059497,-0.054379,0.002291108
MH 94  16.03%,0.183673,0.009118,-0.105131,0.730638,0.114201,-0.054377,0.032523,-0.219542,0.118269,0.088925,0.138875,-0.03717,0.00229139
EPPLER E838 HYDROFOIL AIRFOIL,-0.12129,-0.015834,-0.108322,1.097519,-0.005355,0.156332,0.014696,-0.184438,0.179518,-0.017019,0.020614,-0.016422,0.002291634
EPPLER 548 AIRFOIL,-0.129267,-0.005615,0.172224,0.752639,0.013204,0.153798,-0.000536,-0.238341,0.184021,-0.020437,0.104198,0.014113,0.002293166
GOE 444 AIRFOIL,0.08879,0.036938,-0.103773,1.40449,0.022247,-0.280848,-0.009674,-0.241801,-0.012503,0.110837,-0.028044,0.01334,0.00229384
FX 76-100,0.208608,0.166047,-0.07763,1.093077,0.033858,-0.156282,-0.103676,-0.184716,0.009333,0.08576,-0.050298,-0.024081,0.002293976
AH 79-K-135/20 B,-0.077807,0.041272,0.078344,0.322101,0.322101,0.028567,-0.12732,0.11076,0.156478,0.279667,-0.121751,-0.01241,0.002294218
JX-GS-04,0.146088,0.041875,0.057034,1.155715,0.000932,-0.155413,-0.046823,-0.120067,-0.077429,0.078067,-0.081044,0.001065,0.002298674
NPL 9660 AIRFOIL,0.109743,0.003333,0.020039,1.031464,0.029567,-0.141502,0.030697,-0.168697,0.027708,0.081548,-0.009463,-0.014436,0.00229891
GOE 369 AIRFOIL,0.019023,0.146709,0.245817,0.462004,0.34735,-0.212949,-0.156499,-0.010807,0.00913,0.154942,-0.089864,0.085144,0.002299106
WORTMANN FX 60-126 AIRFOIL,0.007725,0.027974,-0.134672,1.029843,0.012847,0.127786,-0.045828,-0.068006,-0.046081,-0.025313,0.130812,-0.017088,0.002300704
FX 79-L-120,0.031309,0.00368,-0.071844,1.031922,0.066049,0.057532,-0.039461,-0.195387,-0.015499,0.136286,0.009212,-0.013799,0.002302376
EPPLER 432 AIRFOIL,-0.070973,-0.062496,0.121449,0.637952,0.022138,0.053464,0.040424,0.0262,0.186115,-0.008508,0.066302,-0.012067,0.002307314
N-11,0.216466,0.000302,0.183418,0.707352,0.092676,-0.229837,0.049662,0.086875,0.066307,-0.086586,-0.080627,-0.006009,0.002308544
GOE 416A AIRFOIL,0.047939,0.006365,-0.163243,1.34344,0.021328,0.030979,0.001588,-0.156817,-0.086165,-0.007584,0.009586,-0.047416,0.002309598
SD7043 (9.1%),0.026271,0.038822,-0.019236,0.981679,0.041142,-0.085123,-0.040275,-0.048943,0.007563,0.030739,0.08797,-0.020609,0.002311432
LOCKHEED L-188 TIP AIRFOIL,0.10866,-0.006484,-0.12505,1.06299,0.002671,-0.230874,0.077264,-0.104446,0.115831,0.013303,0.124088,-0.037951,0.002319206
EPPLER 520 AIRFOIL,0.031694,0.01986,-0.088083,1.061346,-0.006413,0.087706,-0.026708,-0.181074,0.109661,0.003459,-0.017798,0.006351,0.002320188
GOE 499 AIRFOIL,0.003645,0.013447,-0.129409,1.069876,-0.003567,-0.162201,-0.017284,0.10117,-0.036646,0.040123,0.198082,-0.077236,0.002320766
GOE 459 AIRFOIL,0.154788,0.085086,-0.092128,1.060847,0.018069,-0.084403,-0.026973,-0.182352,0.032247,0.072011,-0.033387,-0.003805,0.002321074
NACA 0015,0.211444,0.023764,-0.066015,0.864068,0.020974,-0.018858,0.013042,-0.139389,0.027176,0.09542,-0.031237,-0.00039,0.002326404
NASA RC(5)-10 AIRFOIL,0.060261,0.015892,0.146116,1.056145,-0.012606,-0.131137,-0.001846,-0.037289,0.05049,-0.01809,-0.090883,-0.037054,0.002327892
NASA/AMES A-01 AIRFOIL,0.329007,-0.001042,0.008139,0.938738,0.035734,-0.322746,0.057656,-0.09948,0.108778,0.01923,-0.033111,-0.040903,0.002328452
AG09,0.123687,0.103728,0.063861,1.165712,0.01016,-0.252132,-0.083915,-0.135001,-0.056753,0.095537,-0.027573,-0.007311,0.002330368
NACA 66(3)-218,-0.025976,-0.007858,-0.073304,0.757203,0.085542,-0.094353,0.035685,-0.089519,0.335661,0.085516,0.015724,-0.024322,0.002332096
NACA 0021,0.272547,0.020075,-0.031378,0.472094,0.027903,0.122388,0.020891,-0.082811,0.103515,0.101566,-0.002772,-0.024018,0.002338082
RYAN BQM-34 FIREBEE WING AIRFOIL,0.122601,0.043165,-0.065479,0.986111,0.076499,-0.104605,-0.059283,-0.204179,0.038638,0.174,0.000209,-0.007677,0.002338624
FX 63-110 AIRFOIL,0.002019,0.048977,-0.092921,0.975482,0.068233,0.042209,-0.083735,0.021502,-0.01918,0.054123,0.142752,-0.159462,0.002339616
EPPLER 748 AIRFOIL,0.008326,0.001266,-0.128744,0.59472,0.066466,0.343866,-0.023179,-0.069511,-0.034704,-0.007671,0.276005,-0.02684,0.00234205
OAF117 AIRFOIL,0.114916,0.158222,0.014896,0.787547,0.026095,0.105238,-0.187704,-0.047159,-0.049676,0.105182,-0.012317,-0.015241,0.00234467
USNPS4 (smoothed),0.134934,-0.003672,0.152551,0.70779,0.040343,-0.257166,0.098628,0.015277,0.037335,0.036823,0.106416,-0.069257,0.0023483
GOE 530 AIRFOIL,0.107547,-0.003526,0.306995,0.489791,-0.00787,-0.063715,0.023921,0.179389,0.038886,0.001218,-0.067404,-0.00523,0.00234895
FX 60-177 AIRFOIL,0.034434,0.011521,-0.096892,0.656083,0.111845,-0.056363,0.033034,-0.265133,0.282455,0.074827,0.2586,-0.04441,0.002350388
S4083 (8%),0.066537,0.091267,0.08498,0.905321,0.086892,-0.081687,-0.094563,-0.047089,-0.104326,0.119193,0.006358,-0.032884,0.002350808
WORTMANN FX M2 AIRFOIL,0.292917,0.053056,0.221046,0.72725,0.038369,-0.276766,-0.026445,-0.030534,0.037904,-0.017058,0.063133,-0.082872,0.002351378
BOEING 103 AIRFOIL,0.035614,-0.000641,0.089831,0.802975,0.017505,-0.035984,0.028314,-0.010833,0.020682,0.0219,0.036385,-0.005748,0.002351674
MH 150  23.89%,-0.052179,-0.003352,-0.047174,0.284307,0.00809,0.550946,-0.066406,0.002917,0.132314,-0.106014,0.302831,-0.00628,0.002352924
EPPLER 426 AIRFOIL,0.240869,0.121936,-0.025499,0.778749,0.095775,-0.053588,-0.128124,-0.155461,-0.010859,0.153066,0.020476,-0.037341,0.002358982
AG47c -03f,0.121572,0.066787,-0.054165,1.273067,-0.019871,-0.199036,-0.073908,-0.162063,-0.094921,0.165557,0.007012,-0.030031,0.002359558
AG12,0.129499,0.058917,-0.022349,1.182528,0.029428,-0.158153,-0.058956,-0.114486,-0.110811,0.086192,-0.025154,0.003346,0.00236056
MH 23  8%,0.168032,0.004915,-0.059181,1.222445,0.030425,-0.307537,0.054998,-0.128117,-0.008053,0.074495,-0.043694,-0.008727,0.002365004
GOE 723 AIRFOIL,0.005838,0.010098,-0.015169,0.747546,0.063108,0.083542,-0.050578,0.11553,-0.084425,0.111059,0.007743,0.005709,0.002365486
MA409 (original),0.246994,0.018852,-0.034178,1.020491,0.094253,-0.358967,0.028625,-0.009769,0.005075,0.00715,-0.021379,0.002853,0.002365622
LOCKHEED-GEORGIA SUPERCRITICAL AIRFOIL,0.229953,0.001458,0.039023,0.996424,0.053728,-0.268105,0.061228,-0.175736,0.022526,0.066508,-0.023229,-0.003777,0.002366848
PROPFAN CRUISE MISSILE WING AIRFOIL,0.00207,0.001246,-0.105485,1.263469,0.058673,-0.168337,0.001443,-0.150845,-0.006934,0.120643,0.0172,-0.033142,0.0023683
Coanda 1,0.204746,-0.000794,0.100722,1.163401,0.027731,-0.379952,0.062627,0.016967,-0.072987,0.029424,-0.093568,-0.058317,0.00236864
SOKOLOV AIRFOIL,-0.017749,0.131129,0.049649,0.861527,0.026556,-0.088742,-0.146711,0.205555,-0.058623,0.089188,0.06613,-0.11791,0.002369064
GOE 769 AIRFOIL,0.190793,0.03529,0.365205,0.321591,0.011336,0.076103,-0.056348,0.07366,-0.010755,-0.005459,-0.027092,0.025675,0.002370076
GOE 775 AIRFOIL,0.266915,0.029146,-0.048147,0.473244,0.033599,0.116028,0.019573,-0.105671,0.102905,0.106052,0.02363,-0.017275,0.002372774
DAE-11 AIRFOIL,-0.11238,0.012227,0.131608,0.615732,0.051267,0.119372,-0.071854,0.263736,0.087454,-0.06244,-0.016063,-0.01866,0.00237286
FX 74-CL6-140,-0.262591,-0.00487,0.37263,0.602973,-0.080166,0.246643,-0.029458,-0.082025,0.072213,-0.17407,0.255454,0.083266,0.00237718
EPPLER 654 AIRFOIL,-0.092747,-0.062562,0.002956,0.557955,0.109805,0.105079,0.033017,0.059765,0.170645,0.029112,0.128036,-0.041061,0.002379666
GOE 244 (MVA PR.4) AIRFOIL,0.170258,0.012104,0.00575,0.136816,0.149956,0.174912,-0.038014,0.30512,0.00912,-0.086411,0.329535,-0.169147,0.002380992
S9000 (9%),0.081669,0.037474,0.001578,0.955053,0.050187,-0.106334,-0.044526,-0.099862,-0.002985,0.113538,0.012486,0.001723,0.002382082
GOE 550 AIRFOIL,0.118428,0.077428,-0.045482,0.550665,0.046679,0.063423,-0.099192,0.097975,-0.013649,0.137709,0.0598,0.006215,0.00238226
NN7 MK20,-0.17254,-0.003364,-0.088662,0.992834,0.012564,0.16926,0.000001,-0.151738,0.145959,-0.070837,0.241192,-0.074671,0.002383922
GOE 392 AIRFOIL,-0.022249,0.000771,-0.008649,1.014918,-0.002411,-0.098682,0.013266,0.064561,0.001122,0.001393,0.062254,-0.026296,0.002384042
FX 78-K-140/20,-0.119447,0.012142,0.047388,0.760554,0.108088,-0.033669,-0.02545,0.221572,0.193481,-0.013232,-0.133559,-0.017867,0.002386492
NASA/LANGLEY LS(1)-0417MOD AIRFOIL,0.226387,0.033851,0.071912,0.453605,0.095739,-0.048392,-0.001802,-0.221993,0.226227,0.039574,0.214466,-0.089573,0.002386532
ONERA OA213 AIRFOIL,0.088035,0.01371,0.27182,0.66548,0.006923,-0.054,-0.023402,0.027558,0.161916,-0.060624,-0.096809,-0.000607,0.00238683
AG03 (flat aft bottom),0.118354,0.011464,0.0503,1.196739,0.010762,-0.227968,0.011534,-0.132062,-0.076442,0.051107,-0.022858,0.009071,0.002387516
USA 46 AIRFOIL,0.037403,0.159271,-0.01284,1.089877,0.028599,-0.128433,-0.145956,-0.172025,-0.019503,0.097404,0.083454,-0.017251,0.002388036
UNIVERSITY OF ALBERTA UA 79-SF-187 AIRFOIL MAIN ELEMENT,0.04729,0.039192,0.072863,0.857434,-0.009409,-0.02599,-0.074058,-0.096149,-0.04604,0.130383,0.112215,-0.007733,0.002388262
S4158,-0.000008,-0.001768,-0.01358,1.023996,0.009046,-0.096266,0.022491,0.031594,0.03463,-0.006575,0.000544,-0.004103,0.002388594
NACA 0010-64,0.164776,0.029006,-0.111133,1.21797,0.0278,-0.276176,0.043553,-0.188337,0.038469,0.102799,-0.037126,-0.011602,0.002393632
NACA M23 AIRFOIL,-0.033534,-0.036317,0.584832,0.483819,0.024338,-0.147757,0.014136,0.223756,0.025031,0.00201,-0.23573,0.095415,0.002393822
MH 121  8.76%,0.001637,0.008092,-0.268687,1.423151,-0.001216,-0.181637,0.029646,-0.122382,0.013312,0.019843,0.151901,-0.073662,0.002396212
DU 80-141,-0.008224,0.01651,-0.084607,1.014118,0.005285,0.065589,-0.002291,-0.21398,0.053845,-0.04183,0.288118,-0.092533,0.002396728
NASA/AMES 63A108 MOD C AIRFOIL,0.20011,0.101518,-0.068383,0.869075,0.207151,-0.256119,-0.093444,-0.206549,0.028279,0.250221,0.022696,-0.054555,0.002402026
NACA 65(4)-421,-0.182794,-0.022307,-0.102582,0.808006,0.076866,0.243682,0.006784,-0.050547,0.198644,0.012692,0.07629,-0.064734,0.002404656
GOE 319 (HANSA-BRANDENBURG II) AIRFOIL,0.008184,0.00439,0.359797,0.615356,0.008304,-0.085451,0.004683,0.089105,0.034848,-0.036373,0.007814,-0.010657,0.002406618
RAE(NPL) 5212 AIRFOIL,0.157833,-0.000868,-0.183818,1.086933,0.090314,-0.212175,0.050216,-0.231578,0.112269,0.032605,0.210583,-0.112312,0.002407868
GOE 434 AIRFOIL,0.156378,0.007043,-0.097589,0.224735,0.04548,0.410689,-0.034451,0.111908,0.030173,-0.037642,0.197839,-0.014564,0.002408104
NASA SC(2)-0010 AIRFOIL,0.167027,0.002743,-0.109554,1.213283,0.021983,-0.252475,0.050261,-0.215371,0.061327,0.069553,-0.003687,-0.005089,0.002409622
USA 29 AIRFOIL,0.117759,-0.005914,0.104985,0.478429,-0.026636,-0.040169,0.027111,0.242588,0.000831,0.041024,-0.11952,0.179512,0.002409782
GOE 344 (PFALZ 71) AIRFOIL,0.423018,-0.070456,0.078795,0.825962,0.00869,-0.490641,0.138652,-0.02472,0.012023,0.093749,-0.025384,0.030312,0.002410948
St. CYR 24 (Bartel 35-IIIC),0.237404,0.147817,0.24439,0.249181,0.249181,-0.191276,-0.102491,0.228929,0.149848,-0.039221,-0.106485,-0.067275,0.002413644
AG19,0.101365,0.109472,0.008612,1.194008,0.004525,-0.178223,-0.106292,-0.100359,-0.066298,0.064728,-0.022952,-0.008586,0.002413848
FX 73-CL2-152,0.049278,0.084372,0.095819,0.300669,0.015837,0.229588,-0.121921,0.031459,-0.028882,0.064545,0.303655,-0.024419,0.002415744
E474  (14.09%),0.465601,0.052035,-0.055555,0.704722,0.023498,-0.097652,-0.026936,-0.092713,0.010329,0.104848,-0.082437,-0.005738,0.002415798
GOE 6K AIRFOIL,0.041086,0.004982,-0.15531,1.393238,-0.004984,-0.352642,0.074593,-0.032405,0.008098,0.048305,0.016877,-0.041839,0.002416572
RAE(NPL) 5213 AIRFOIL,0.112858,0.041166,-0.141947,1.25807,0.026223,-0.157633,-0.01094,-0.214544,0.052661,0.003847,0.142037,-0.111797,0.002420958
RAF 25 AIRFOIL,0.066967,0.041954,-0.087938,1.301184,0.00398,-0.186658,-0.037122,-0.158563,-0.038913,0.114849,-0.015884,-0.003859,0.002422944
DS19 Joe Wurts,0.090647,0.025013,-0.007408,0.963352,0.079119,-0.099662,-0.058926,-0.074821,-0.002545,0.119047,-0.015451,-0.018366,0.00242365
EPPLER 543 AIRFOIL,-0.073247,-0.007997,0.066828,0.755739,0.04543,-0.015574,0.024182,-0.148087,0.282723,0.027971,0.046195,-0.004163,0.00242658
FX 83-W-108,-0.000602,0.021485,-0.187408,1.004864,0.052243,-0.013957,-0.02671,0.06061,-0.035285,0.08655,0.06453,-0.026319,0.002427066
NASA NLF(1)-0416,-0.020147,0.00111,0.018811,0.704277,0.076112,0.170231,-0.034227,-0.1933,0.065238,0.079525,0.207553,-0.075183,0.002427472
GOE 777 AIRFOIL,-0.030837,-0.003779,0.448164,0.108011,0.06231,0.379209,-0.013872,0.11706,0.070226,-0.100884,-0.042887,0.00728,0.002431122
FX 73-K-170/22,-0.160376,-0.079768,-0.128373,0.847823,0.061104,0.097026,0.051847,0.028694,0.204381,-0.035466,0.204904,-0.091795,0.002431406
LNV109A,0.016021,0.028988,0.563695,0.250772,-0.047523,0.289304,-0.113454,0.094329,-0.122133,-0.033089,-0.069903,0.142993,0.00243285
EH 0.0/9.0,0.131129,0.023219,-0.07166,1.110583,0.044633,-0.10454,-0.040351,-0.182411,-0.01755,0.15031,-0.057827,0.014464,0.002433136
ONERA HOR12 AIRFOIL,0.10106,0.047544,0.007603,0.562347,0.086712,0.122207,-0.127253,0.101706,-0.031074,0.125619,0.00774,-0.004211,0.002433596
AG17,0.080744,0.117837,-0.014607,1.201526,0.001391,-0.117672,-0.106501,-0.121532,-0.093963,0.061761,-0.012256,0.003272,0.002434192
EPPLER 585 AIRFOIL,-0.088835,0.007944,0.064585,0.279245,0.279245,0.003793,-0.072122,0.02586,0.238766,0.201991,0.066884,-0.007356,0.002434932
EPPLER EA 6(-1)-009 AIRFOIL,0.091769,0.025292,-0.078832,1.079949,0.073132,-0.125728,-0.040372,-0.241463,0.050537,0.121352,0.014448,0.029916,0.002435122
NPL 9615 AIRFOIL,0.06713,-0.000122,0.0275,1.110749,-0.0033,-0.109326,0.038321,-0.164647,0.000402,0.057416,-0.011027,-0.013097,0.002435414
S9033 (7.5%),0.214264,0.121925,-0.061153,1.114291,0.054443,-0.160297,-0.114763,-0.188195,-0.057866,0.153317,-0.057025,-0.018942,0.002437238
GOE 228 (MVA H.38) AIRFOIL,-0.000334,0.000856,-0.026518,0.44665,0.062005,0.198311,-0.004766,0.113741,0.054258,-0.073319,0.250489,-0.021372,0.00244145
EPPLER 582 AIRFOIL,-0.068597,-0.021591,0.086377,0.301589,0.248189,-0.008724,-0.042063,0.07333,0.22302,0.204406,0.004064,-0.000001,0.002442342
RUTAN CANARD AIRFOIL,0.099352,-0.003635,-0.049938,1.008868,0.013448,-0.186582,0.042023,-0.06689,0.117385,0.022488,0.014053,-0.01057,0.002442442
NACA 23021,0.268095,0.016431,0.105429,0.365205,0.096127,0.104453,0.029664,-0.037027,0.097203,0.055076,-0.06545,-0.035205,0.002443332
Fage & Collins 4,0.210095,-0.009448,0.24638,0.422955,0.203359,-0.230386,0.076866,0.072796,0.03602,0.036954,-0.05281,-0.012781,0.002443578
S1091,0.185706,0.096531,0.079805,1.001981,0.018363,-0.293655,-0.068282,0.233624,-0.132399,0.047741,-0.072175,-0.09724,0.00244388
USA-35B AIRFOIL,0.173771,0.006007,0.229002,0.508302,0.199895,-0.162073,0.019916,0.020969,0.075985,-0.05761,-0.082966,0.068804,0.002445686
NACA 23018,0.246823,0.010384,0.092438,0.521228,0.10323,0.028198,0.029658,-0.061905,0.059804,0.066159,-0.073743,-0.022273,0.002445688
EPPLER 604 AIRFOIL,-0.148354,-0.023931,-0.043529,0.673432,0.096039,0.103997,0.029561,-0.125906,0.244669,0.011281,0.216491,-0.033748,0.002446236
OAF139 AIRFOIL,0.264003,0.164894,-0.015301,0.774212,0.047874,0.123848,-0.18503,-0.225722,-0.048714,0.166591,-0.05151,-0.015146,0.00245076
GOE 741 AIRFOIL,0.028589,-0.003434,0.537231,0.188426,0.018209,0.2661,-0.073164,0.20909,-0.012884,-0.003028,-0.251488,0.096355,0.002455368
AH 95-160,-0.086139,-0.004121,0.061054,0.669716,0.020955,0.063255,-0.00016,0.187038,0.166033,-0.063972,0.035183,-0.048842,0.002456338
ONERA HOR20 AIRFOIL,0.217763,0.084848,-0.006198,0.171003,0.027015,0.375362,-0.135249,0.094938,-0.026018,0.127889,0.088839,-0.020191,0.002457122
EPPLER 664 AIRFOIL,-0.029483,-0.041879,0.03192,0.322881,0.257205,-0.053866,0.003385,0.002432,0.268998,0.242408,-0.004672,0.000672,0.002458106
Coanda 3,0.253639,-0.002322,0.080058,1.033012,0.036388,-0.394281,0.069484,0.021656,-0.000275,0.028048,-0.083069,-0.042339,0.002458722
P-51D ROOT (BL17.5) AIRFOIL,-0.019645,0.000033,-0.082729,0.973925,0.017245,0.105662,-0.000822,-0.12473,0.110144,0.006979,0.069042,-0.055103,0.002462228
FX 62-K-153/20 AIRFOIL,-0.160834,0.041356,-0.136944,0.862585,0.098629,-0.032265,-0.014875,-0.191956,0.269165,0.002356,0.3354,-0.072617,0.002462404
IST-MT1-24,-0.028475,0.020749,-0.317249,0.401654,0.020796,0.782195,-0.145868,0.055689,-0.188799,0.117866,0.280752,0.000689,0.002467122
NACA 0012-64,0.202156,0.000904,-0.088532,0.98761,0.035555,-0.273335,0.063779,-0.196909,0.133246,0.115232,0.029815,-0.009524,0.002468744
NACA 2424,0.24042,0.020411,0.007881,0.227275,0.051551,0.208822,0.033,0.027643,0.125421,0.048242,0.019292,-0.009961,0.00246894
RAF 19 AIRFOIL,0.162001,0.012817,0.557279,-0.042124,0.040489,-0.185173,-0.001638,0.327717,-0.018497,0.01029,0.088835,0.048004,0.002469786
AS6099 | Ananda-Selig | AIAA Paper 2018-0310,0.130723,0.139245,-0.007622,0.756754,-0.000954,-0.173527,-0.138193,0.267431,-0.15658,0.038586,0.205234,-0.061097,0.002471384
NACA 63(2)-215 MOD B,0.275756,0.020073,-0.078022,0.388607,0.388607,-0.017498,-0.063667,-0.102465,0.079634,0.218367,-0.038771,-0.07062,0.002473662
ONERA NACA CAMBRE AIRFOIL,0.127291,0.001797,0.045845,1.022467,0.035665,-0.122767,0.037824,-0.162701,0.000554,0.0513,-0.033502,-0.003774,0.00247579
GOE 54 AIRFOIL,0.248079,0.162391,0.289649,0.963526,0.014672,-0.24088,-0.127261,-0.130451,-0.016375,-0.034617,-0.085747,-0.042986,0.002477726
GIII BL450 AIRFOIL,0.095208,0.011402,0.146929,1.07506,0.012409,-0.18713,0.005481,-0.141163,0.020188,0.018161,-0.040183,-0.016362,0.00247823
EPPLER 560 AIRFOIL,0.083961,0.03714,-0.0667,0.311176,0.105656,0.189419,-0.090887,0.001992,0.035847,0.144818,0.246459,0.001118,0.002478384
LWK 80-150/K25,0.07933,0.00125,-0.089765,0.998256,0.00271,-0.074186,0.016448,-0.149704,0.219694,0.031239,-0.030326,-0.004945,0.00247958
FX 77-W-270S,-0.229557,-0.051511,0.442381,0.174247,0.013334,0.592255,0.051557,-0.110032,0.03818,-0.038712,0.110559,0.0073,0.002481424
USA 41 AIRFOIL,0.023167,0.007098,0.112206,1.011079,-0.000467,-0.136252,-0.012992,0.03268,-0.086766,0.035375,0.03991,-0.025038,0.002485414
NASA/LANGLEY LS(1)-0013 AIRFOIL,0.086158,0.003122,-0.080594,1.116528,-0.020505,-0.100435,0.023488,-0.18813,0.129969,0.029916,0.01234,-0.011857,0.002486542
GOE 494 AIRFOIL,0.047419,0.010676,-0.117213,1.141728,0.033864,-0.201673,-0.038776,0.124855,-0.066152,0.078579,0.025229,-0.038535,0.002486988
SP4721BS,-0.181433,-0.056003,-0.23771,0.897311,0.166779,0.219466,0.079174,-0.263127,0.097482,0.006781,0.56724,-0.29596,0.00248719
EPPLER 544 AIRFOIL,-0.100225,-0.014348,0.017142,0.800109,0.052316,0.027537,0.028293,-0.187746,0.257177,0.018088,0.112118,-0.01046,0.002489014
EPPLER 428 AIRFOIL,0.295749,0.038396,-0.07158,0.889914,0.021199,-0.058728,-0.051863,-0.131868,-0.028981,0.10902,-0.005429,-0.00583,0.002490032
AG13,0.13648,0.022861,-0.017577,1.209605,0.005746,-0.185687,-0.031542,-0.10092,-0.098099,0.080247,-0.018593,-0.002522,0.00249371
RONCZ 1082T VOYAGER TIP OUTER AFT WING AIRFOIL,-0.041291,-0.01398,0.071164,0.729773,0.01983,-0.013364,0.023828,-0.020015,0.208223,0.0188,0.014593,0.002439,0.002494814
GIII BL369 AIRFOIL,0.039982,0,0.061034,1.168607,0.003485,-0.194375,0.032757,-0.193272,0.009083,0.053132,0.016629,0.002936,0.002495384
MH 120  8.0%,-0.003056,0.023775,-0.267733,1.454079,0.011398,-0.171175,0.011245,-0.15778,-0.01948,0.034444,0.144925,-0.060642,0.002495404
GOE 226 (MVA H.36) AIRFOIL,0.00331,0.007061,-0.001582,0.364025,0.109663,0.164169,-0.049084,0.225428,-0.055006,0.021879,0.210106,0.00003,0.002495458
FX S 03-182 AIRFOIL,-0.217222,-0.020666,-0.117482,0.967943,0.038858,0.150289,0.016184,-0.108896,0.196604,-0.009033,0.17458,-0.07116,0.002496094
GOE 5K AIRFOIL,0.063919,0.004017,-0.142362,1.570361,0.016053,-0.380644,0.046479,-0.167143,-0.070698,0.074073,-0.014116,0.000061,0.002498822
AG27 Bubble Dancer DLG by Mark Drela | The AG2x airfoils are intended to be used on composite versions of the Bubble Dancer and the Allegro-Lite.,0.094383,0.039376,-0.000919,1.179228,0.003969,-0.159968,-0.042007,-0.048975,-0.098805,0.058095,-0.025676,0.001298,0.002499688
S1012,0.197949,0.003321,-0.063372,0.931942,0.002934,-0.229417,0.028852,-0.195084,0.206037,0.076959,0.040373,-0.000493,0.002501026
EPPLER 1098 AIRFOIL,-0.218839,-0.060693,-0.133928,0.970801,0.05416,0.253617,0.036613,-0.035302,0.104554,-0.043949,0.185034,-0.112067,0.002501258
74-130 WP2,-0.084789,-0.002338,-0.011302,0.598646,0.176647,-0.123868,-0.045107,0.063069,0.306282,0.112672,0.036665,-0.026576,0.002501522
FX 61-163 AIRFOIL,-0.082438,-0.129724,-0.007013,0.920648,0.01877,0.145496,0.078365,-0.150107,0.106103,0.00003,0.16374,-0.063869,0.002503424
NACA 4424,0.213354,0.020369,0.052666,0.122042,0.041541,0.225442,0.027493,0.151443,0.12469,0.021252,0.016848,-0.017139,0.002505302
MH 33,0.129585,0.029216,-0.055694,1.206326,0.043998,-0.205055,-0.012233,-0.13305,-0.047637,0.099147,-0.055134,0.000532,0.002506038
N-12,0.137637,0.057281,-0.077951,1.018633,0.083343,-0.132164,-0.022943,-0.211882,-0.002897,0.142604,-0.062373,0.070712,0.002506362
GOE 195 AIRFOIL,0.097522,0.050389,-0.033299,0.854491,0.047699,-0.072325,-0.062751,0.121691,-0.10675,0.091316,0.033934,-0.021917,0.002507416
RONCZ R1145MS AIRFOIL,0.19329,0.03555,-0.013332,0.265924,0.217851,-0.029217,-0.003129,0.219257,0.172397,0.093615,-0.005784,-0.146423,0.002507822
GOE 513 AIRFOIL,0.255078,0.04906,0.296788,0.141738,0.016032,-0.067654,0.020174,0.178532,0.122327,0.014507,-0.144956,0.118374,0.002509236
LOCKHEED C-141 BL426.57 AIRFOIL,0.140393,-0.001311,-0.110837,1.101248,0.018837,-0.28208,0.08323,-0.169359,0.070366,0.088554,0.085992,-0.025033,0.002510578
S9032 (9%),0.196791,0.06788,-0.048857,0.995942,0.041235,-0.110213,-0.087654,-0.187142,0.007268,0.151773,-0.020127,-0.006895,0.002511104
ONERA OA209 AIRFOIL,0.244439,0.000708,0.053776,0.984558,0.068218,-0.314785,0.053018,-0.192356,0.060343,0.058758,-0.005959,-0.010718,0.002513642
AH 79-K-143/18,-0.023935,-0.004458,0.030961,0.817054,0.025765,-0.119223,0.029284,0.010459,0.228889,0.011156,-0.005874,-0.000077,0.002515372
BOEING-VERTOL VR-12 AIRFOIL,0.276187,-0.001989,0.08831,0.894635,0.044302,-0.296236,0.064063,-0.030269,0.082937,-0.005531,-0.091336,-0.025073,0.00251669
APEX 16,-0.036458,-0.006588,-0.122912,1.251013,0.019602,-0.171704,0.076353,-0.145592,0.096287,0.011982,0.187218,-0.1592,0.00251745
NASA SC(2)-0402 AIRFOIL,0.124177,0.005851,-0.122885,1.619891,-0.000059,-0.392684,0.009273,-0.277401,-0.036097,0.067877,0.00387,-0.001813,0.002521396
N-13,0.15391,-0.000004,-0.107527,1.122655,0.020984,-0.146801,0.050476,-0.188795,0.007865,0.101508,-0.019156,0.004886,0.002523158
GOE 802 A AIRFOIL,0.057819,0.000054,0.21283,0.684798,0.026729,-0.154486,0.026571,0.120752,0.006577,-0.002084,0.04723,-0.026789,0.0025256
E10(08%),0.235741,0.073691,-0.075014,0.432934,0.432933,-0.200247,-0.085201,-0.252497,0.027157,0.331397,-0.017553,0.096659,0.002526968
Smoothed ATR airfoil coordinates obtained  using AFSMO (Harry Morgan's NASA smoothing program),0.168436,0.0063,0.248158,0.5252,0.032803,0.011912,-0.000479,-0.046607,0.051135,0.036236,-0.012299,-0.020794,0.00253072
AH 79-100 A AIRFOIL,-0.017501,0.07196,-0.127277,1.000215,0.084422,0.039423,-0.09876,-0.022811,-0.05764,0.086547,0.078739,-0.037315,0.002530792
S8021 (7.6%),0.138068,0.112899,-0.065273,1.137924,0.06525,-0.132739,-0.113107,-0.183566,-0.040928,0.161163,-0.076757,-0.002934,0.002532506
IST-MT1-21,-0.175001,0.02863,-0.284797,0.751308,-0.001043,0.707124,-0.111694,0.069188,-0.268226,0.04016,0.247097,-0.002745,0.0025376
GOE 746 AIRFOIL,-0.003632,-0.010034,0.521943,0.5604,-0.002305,0.075316,-0.061313,0.176212,-0.055474,-0.015813,-0.287303,0.102003,0.002539276
IST-MT1-15,-0.184044,0.008214,-0.331414,0.754296,0.045645,0.278725,-0.066422,0.272705,-0.025718,0.011704,0.258686,-0.022378,0.002542546
BOEING-VERTOL VR-13 AIRFOIL,0.237633,-0.0011,0.072426,1.017997,0.030166,-0.293695,0.060896,-0.049516,0.02818,0.023071,-0.091777,-0.034283,0.00254361
GOE 217 (MVA MK.12) AIRFOIL,0.188954,0.033236,-0.130805,0.524075,0.159181,0.33155,-0.051584,0.09853,-0.154934,-0.074304,0.212136,-0.136034,0.002545124
MH 24  9.01%,0.107289,0.056914,-0.036265,1.210191,0.003149,-0.254631,0.014623,-0.124593,0.008847,0.083239,-0.066636,-0.002128,0.002545192
GOE 515 AIRFOIL,0.108952,0.041491,0.026617,0.844738,0.043228,-0.16592,-0.048775,0.034345,0.003925,0.172172,-0.035461,-0.025311,0.002549166
MARSKE PIONEER IA AIRFOIL (NACA 23112/43012A HYBRID),0.291715,0.050396,0.25602,0.686491,0.102646,-0.143813,-0.020677,-0.085844,0.050724,0.021631,-0.217284,0.007994,0.0025503
GOE 410 AIRFOIL,0.18593,0.01022,-0.030244,0.653964,0.064002,0.196798,-0.061831,-0.144799,-0.021931,0.140057,0.014117,-0.006284,0.002550654
MH 78  14.47%,0.250358,0.011518,0.436472,0.416669,0.020586,0.097022,-0.043214,-0.090823,-0.007664,0.007,-0.148599,0.050676,0.002550734
AG04,0.117095,0.054956,0.010214,1.176389,0.000317,-0.161479,-0.054276,-0.095991,-0.086657,0.086474,-0.046175,-0.000867,0.002553606
NACA 66-018,-0.008732,-0.010321,-0.070373,0.860714,0.033025,-0.089095,0.04089,-0.140167,0.33947,0.065096,-0.009529,-0.010978,0.002553734
N-24,0.20686,0.085412,0.3788,0.084857,0.277659,0.028484,-0.056688,0.297171,0.095612,-0.124058,-0.294585,0.020477,0.00255583
AG16,0.119062,0.035784,-0.041011,1.142645,0.031634,-0.1097,-0.05082,-0.088957,-0.109393,0.095481,-0.033485,0.00876,0.002556072
AG14,0.131809,0.04441,0.005348,1.205912,0.016753,-0.202364,-0.042375,-0.111691,-0.108323,0.07677,-0.024234,0.007987,0.002558368
FX 78-PK-188/20,-0.107927,-0.054362,-0.070697,0.713658,0.09588,-0.020761,0.058437,-0.014858,0.334615,0.040908,0.043512,-0.018404,0.002559194
AH 93-K-131/15,0.007319,-0.002459,0.073035,0.877523,-0.001092,-0.14192,0.02126,0.128632,0.235878,-0.101418,-0.095969,-0.000788,0.002560616
LOCKHEED C-141 BL761.11 AIRFOIL,0.179284,0.018363,-0.088551,1.032938,0.039814,-0.321054,0.068396,-0.139306,0.080426,0.087551,0.096659,-0.054519,0.002561488
NACA 0024,0.286972,0.018468,-0.024601,0.317877,0.035873,0.203986,0.030126,-0.062071,0.126585,0.086063,-0.001485,-0.017793,0.002563212
RAE 101 AIRFOIL,0.053561,0.027498,-0.062953,1.148128,0.031748,-0.020705,-0.046652,-0.185299,-0.048644,0.143592,-0.046956,0.006682,0.002564122
RAE 2822 AIRFOIL,0.001263,0.004042,-0.269252,1.397999,0.000288,-0.085973,0.023439,-0.255454,0.079452,0.03381,0.175967,-0.105582,0.002567692
BOEING 737 MIDSPAN AIRFOIL,0.152944,0.001561,0.048104,0.965764,0.025003,-0.003585,0.008018,-0.14111,-0.023457,0.012987,-0.052134,0.005905,0.002568388
EPPLER E851 AIRFOIL,0.00745,0.003163,-0.277587,1.451413,0.020859,-0.163722,0.029561,-0.142244,-0.003236,0.035573,0.103678,-0.064909,0.002568732
"RAF 6 AIRFOIL, 12%, LE rad. 0.012, TE rad. 0.0092, NACA TR259 smoothed",0.223924,0.013163,0.181494,0.62347,0.092291,-0.316737,0.077179,0.088952,0.114169,-0.018628,0.011206,-0.090482,0.002568836
FX 61-184 AIRFOIL,-0.123008,-0.089159,-0.110637,0.896904,0.077995,0.21915,0.041695,-0.06305,0.104657,0.007742,0.183056,-0.145345,0.00256955
SD7003-085-88,0.093863,0.086091,0.028666,0.972807,0.054469,-0.075669,-0.093211,-0.156031,-0.044922,0.124839,0.006707,0.002391,0.00256986
AS6093 | Ananda-Selig | AIAA Paper 2018-0310,0.23734,0.094768,-0.077607,0.9952,-0.046354,-0.201703,-0.102032,0.110807,-0.139933,0.049183,0.056922,0.02341,0.002571872
AH 82-150 A,-0.12067,-0.03869,0.021439,0.578729,0.136941,-0.003579,-0.011926,-0.020813,0.268974,0.113793,0.078189,-0.002385,0.002573482
SIKORSKY SC1094 R8 AIRFOIL,0.287386,0.013701,0.113431,0.824502,0.046414,-0.288794,0.025044,-0.14484,0.086179,0.040273,0.021653,-0.024948,0.002578
A18 (original),0.104093,0.023665,-0.014901,1.141054,0.016331,-0.206092,0.012123,0.043268,-0.068165,-0.023106,-0.040245,0.011975,0.002578638
GOE 501 AIRFOIL,-0.020383,0.121323,-0.048924,0.537444,0.078242,0.10342,-0.135608,0.12198,0.019518,0.069272,0.162429,-0.008711,0.002581268
Fage & Collins 3,0.123701,-0.006754,0.19092,0.832459,0.055163,-0.251482,0.069377,0.015457,0.012576,0.016066,-0.003038,-0.054444,0.00258368
BTE-FK,0.262342,0.099533,-0.052684,0.257727,0.310964,-0.082011,-0.135883,0.028574,0.019029,0.363848,-0.056743,-0.014698,0.002586072
S4096 (designed for the E-flite UMX ASK-21 scale RC sailplane),0.13576,0.096409,-0.003426,1.145531,-0.015135,-0.239558,0.094468,-0.092129,-0.125599,0.047591,-0.060312,0.016401,0.002586646
SP4721LA,-0.202759,-0.033379,-0.226256,0.872829,0.174648,0.24138,0.052379,-0.269362,0.105145,0.008507,0.557344,-0.280475,0.00258787
NASA/LANGLEY MS(1)-0313 AIRFOIL,0.115739,0.001761,-0.06631,0.938959,0.03604,-0.167708,0.038926,-0.221788,0.199266,0.003598,0.177238,-0.055722,0.002589826
RAF 30 MOD AIRFOIL,0.08607,0.038258,-0.074654,1.262973,0.019806,-0.144586,-0.041661,-0.200934,-0.032308,0.136005,-0.049935,0.000965,0.002590782
AS6092 | Ananda-Selig | AIAA Paper 2018-0310,0.255945,0.056187,-0.033048,0.971408,0.006279,-0.271568,-0.068222,0.152833,-0.163012,0.088547,0.012362,-0.007712,0.002590806
EPPLER 545 AIRFOIL,-0.138646,0.008075,-0.027842,0.42391,0.346011,0.144966,-0.076585,-0.177099,0.192575,0.234832,0.12835,-0.058547,0.002593294
Fage & Collins 1,0.19054,0.000355,0.089696,1.001698,0.065678,-0.340882,0.069535,-0.043754,0.007772,0.017805,-0.02933,-0.029112,0.002594754
NACA M24 AIRFOIL,-0.002813,-0.045868,0.620609,0.267934,0.014678,-0.071691,0.029878,0.253701,0.078483,0.00228,-0.2077,0.060512,0.002596038
RAE6-9CK AIRFOIL,0.000492,0.00597,-0.278249,1.415858,0.006066,-0.080587,0.024921,-0.256949,0.061969,0.035596,0.165822,-0.100909,0.002602024
GOE 802 B AIRFOIL,0.055226,0.01358,0.206379,0.68713,0.034691,-0.151688,0.015423,0.118642,0.005398,0.000182,0.037184,-0.022149,0.002610068
FX 78-K-150/20,-0.15379,-0.013712,0.022572,0.780858,0.039075,0.016253,-0.017203,0.248518,0.209929,0.021332,-0.115071,-0.038761,0.002611336
P-51D TIP (BL215) AIRFOIL,-0.004533,-0.008115,-0.107377,1.216648,0.005797,-0.184745,0.022275,-0.143138,0.201586,-0.008142,0.010751,-0.001008,0.00261205
NACA 63A010 AIRFOIL,0.007076,0.000581,-0.077017,1.221051,0.015668,-0.077079,-0.008136,-0.207255,0.013374,0.124344,-0.011799,-0.000808,0.002612148
EPPLER 377 (MODIFIED) AIRFOIL,0.048415,0.006035,0.702187,0.408004,-0.000573,-0.445357,-0.022618,0.255172,-0.003266,0.03952,-0.002455,0.014936,0.00261216
GOE 239 (MVA H.31) AIRFOIL,0.083215,0.093642,0.083278,0.388776,0.115328,-0.0095,-0.108296,0.130049,-0.01812,0.132764,0.089616,0.019248,0.002612334
GOE 648 AIRFOIL,0.136031,0.005789,0.140418,0.535662,0.043628,0.054402,0.007778,0.012962,0.030618,0.000403,0.041032,-0.008725,0.002612834
GOE 430 AIRFOIL,0.057634,0.087934,-0.101941,0.453757,0.14019,0.098775,-0.139929,0.057633,0.05747,0.150108,0.203932,-0.065562,0.00261393
FX 67-K-150/17 AIRFOIL,-0.166696,-0.043476,0.016264,0.791025,0.049836,0.000991,0.020346,0.094334,0.255975,-0.061931,0.052346,-0.009012,0.002615466
NASA LRN 1015 (NASA TM 102840),-0.020691,-0.000287,0.077302,0.647623,0.09721,-0.023587,0.003832,0.07472,0.21651,-0.060134,-0.011027,-0.001469,0.002617008
NACA 65(4)-221,-0.165755,-0.009206,-0.106659,0.890268,0.044623,0.259343,-0.007185,-0.08983,0.202718,-0.000264,0.021123,-0.039176,0.002617342
Glenn Martin 2,0.211249,0.05411,0.387034,0.240078,0.076289,-0.160779,0.001179,0.211469,0.110296,-0.024594,-0.156745,0.050415,0.002617886
GOE 495 AIRFOIL,0.005015,0.072994,-0.063453,1.025882,0.032263,-0.093563,-0.09819,0.112534,-0.03788,0.057214,0.03263,-0.045447,0.00261892
AG26 Bubble Dancer DLG by Mark Drela | The AG2x airfoils are intended to be used on composite versions of the Bubble Dancer and the Allegro-Lite.,0.04237,0.051813,-0.008286,1.163143,0.009924,-0.104787,-0.0567,-0.08121,-0.087505,0.059887,-0.001756,0.013108,0.002619958
RONCZ 1046 VOYAGER CANARD AIRFOIL,-0.289304,-0.01575,0.185698,0.589969,0.022784,0.295017,-0.00877,0.226616,0.058083,-0.069654,-0.018508,0.023819,0.002620126
BE50 (smoothed),0.08412,0.087195,0.007108,0.98629,0.075879,-0.145309,-0.068312,0.014534,-0.11161,0.08659,0.013602,-0.030087,0.00262371
BELL 540 AIRFOIL (MODIFIED NACA 0012),0.309034,0.095145,-0.038008,0.930136,0.016014,-0.114287,-0.102136,-0.136352,-0.032133,0.156374,-0.054553,-0.029234,0.002627308
E224  (10.17%),0.053154,0.022934,-0.049118,1.01249,0.02874,-0.034443,-0.041644,-0.097391,-0.006198,0.107849,0.001096,0.002531,0.002630288
RAE 100 AIRFOIL,0.19493,0.005402,-0.053074,0.980758,0.04135,-0.079771,-0.036386,-0.162146,-0.01347,0.162337,-0.034397,-0.005532,0.002631402
GOE 14 AIRFOIL,0.053153,0.0286,0.48183,0.448194,0.035895,-0.131663,-0.024628,0.134996,0.080849,-0.053514,0.017583,-0.071293,0.002632014
AG25 Bubble Dancer DLG by Mark Drela | The AG2x airfoils are intended to be used on composite versions of the Bubble Dancer and the Allegro-Lite.,0.064477,0.022614,-0.022251,1.123046,0.016814,-0.096293,-0.038069,-0.066818,-0.072351,0.074213,-0.010475,0.005095,0.002639976
EPPLER 694 AIRFOIL,-0.060322,0.000972,-0.186034,0.70977,0.087987,-0.178576,0.060223,-0.113037,0.296619,0.077288,0.337795,-0.032686,0.002645452
FX 38-153 AIRFOIL,0.027608,0.007495,-0.04538,0.860753,0.006035,-0.177763,0.054399,-0.185604,0.287924,0.06631,0.12392,-0.025696,0.002646134
W1011,0.157724,0.139271,-0.033987,0.859009,0.075614,0.005362,-0.149933,-0.188067,-0.017835,0.182479,-0.032087,0.002449,0.002647032
NACA M2 AIRFOIL,0.062537,0.070756,-0.093513,1.341332,0.012034,-0.215384,-0.018443,-0.234337,-0.011063,0.095378,0.004143,-0.01344,0.002649174
GOE 15 AIRFOIL,0.034017,0.0111,0.511332,0.365952,0.077019,-0.211084,0.00983,0.195055,0.062017,-0.014442,-0.029054,-0.011741,0.00265116
AG46c -03f,0.075478,0.020211,-0.002204,1.104681,-0.002597,-0.143137,-0.047381,-0.180105,-0.081962,0.188284,0.055099,0.013634,0.002653918
Apex 16 (normalized using XFOIL date021206),-0.033468,-0.023776,-0.128858,1.228402,0.023345,-0.165888,0.084277,-0.169235,0.109388,0.000325,0.205472,-0.129982,0.0026546
HAM-STD HS1-620 AIRFOIL,0.246121,0.168752,0.035264,0.138577,0.142966,-0.118008,0.009039,0.038705,0.129819,0.125298,0.11714,-0.033674,0.002655652
FX 73-170 A,-0.180154,-0.066165,0.017806,0.696678,0.053321,0.017651,0.063292,0.147651,0.262633,-0.068411,0.062102,-0.006404,0.002656206
LOCKHEED C-5A BL758.6 AIRFOIL,0.145816,-0.004007,-0.147986,1.15471,0.004104,-0.288512,0.093857,-0.203042,0.074408,0.071921,0.119312,-0.020581,0.002656382
RAF 6 AIRFOIL,0.207745,-0.012007,0.103687,0.809491,0.104219,-0.35427,0.098238,0.00047,0.038933,0.038125,0.043881,-0.07851,0.002657836
EPPLER 874 HYDROFOIL AIRFOIL,0.072197,0.04734,-0.000897,1.102876,0.013505,-0.091303,-0.063254,-0.121109,-0.068551,0.156496,-0.072389,0.025087,0.002659386
GIII BL430 AIRFOIL,0.058501,0.004512,0.118439,1.110578,0.003525,-0.181788,0.019645,-0.180485,0.010568,0.034485,-0.000315,0.002336,0.00266135
FX 66-S-196 AIRFOIL,-0.38329,-0.003744,-0.035558,0.959571,0.0217,0.420723,-0.034758,-0.020158,0.063663,-0.06474,0.112873,-0.036282,0.002662226
NASA/LANGLEY LS(1)-0417 (GA(W)-1) AIRFOIL,0.093399,0.003057,-0.09845,0.691458,0.103814,-0.073082,0.030864,-0.122639,0.248971,0.039704,0.166213,-0.08331,0.002665006
FX 63-158 AIRFOIL,-0.118986,-0.120721,0.04011,0.947588,-0.074975,0.142555,0.079732,-0.169607,0.147871,-0.078365,0.232257,-0.027459,0.002666594
HT34,0.171074,0.035355,-0.076446,1.289887,0.000327,-0.187617,-0.021221,-0.206432,-0.073899,0.094895,-0.03705,0.011126,0.002666692
GOE 324 (HANSA-BRANDENBURG) AIRFOIL,0.0324,0.030166,0.452202,0.458068,0.01424,0.094138,-0.054255,0.168934,0.01026,-0.080569,-0.147368,0.021782,0.002668382
EPPLER 908 AIRFOIL,0.024059,0.002391,-0.240942,1.323787,0.004969,-0.319548,0.073612,-0.198099,0.085977,0.069775,0.226812,-0.052793,0.002669002
GOE 518 AIRFOIL,0.174368,-0.01016,0.396647,-0.10529,0.236883,-0.052926,0.054163,0.255274,0.094406,0.067144,-0.03549,-0.07502,0.002669724
AH 93-K-130/15,0.020933,-0.01816,0.057164,0.86263,0.014041,-0.175792,0.043318,0.109756,0.241154,-0.088666,-0.073854,0.007476,0.00267109
FX 67-K-170/17 AIRFOIL,-0.140456,-0.133805,0.006175,0.683542,0.086275,0.026814,0.093932,0.173054,0.260554,-0.056737,0.001458,-0.000806,0.002671488
GOE 514 AIRFOIL,0.284027,-0.021352,0.304905,-0.023447,0.041081,-0.12001,0.073155,0.256656,0.144519,0.038937,-0.097101,0.118632,0.002678926
NASA SC(2)-0012 AIRFOIL,0.174412,0.011817,-0.101225,1.131008,0.002556,-0.206461,0.046895,-0.189801,0.105481,0.046255,-0.012736,-0.008202,0.002679772
NACA 0008,0.133349,0.078258,-0.062098,1.148586,0.026058,-0.167008,-0.068459,-0.20154,-0.010783,0.166717,-0.036254,-0.006825,0.002688754
NACA 65(4)-421 a=0.5,-0.205491,-0.016212,-0.0051,0.764716,0.036791,0.269454,-0.007329,0.044724,0.222923,-0.061336,-0.011892,-0.031245,0.002690114
SOMERS S102 AIRFOIL (SHARP),-0.017599,-0.003049,-0.117542,1.05811,0.098163,-0.022781,0.013864,-0.137574,0.123251,0.032926,0.165253,-0.193024,0.002690814
RONCZ 1082 VOYAGER ROOT OUTER AFT WING AIRFOIL,-0.080768,-0.062234,0.099357,0.633081,0.021043,0.080995,0.050464,0.035377,0.201814,0.022633,-0.011295,0.009533,0.002691242
LOCKHEED C-5A BL1256 AIRFOIL,0.053465,0.001269,-0.041119,1.16116,0.005246,-0.161965,0.028811,-0.169835,0.083266,0.026986,0.043759,-0.031042,0.002693934
FX 74-Cl5-140 MOD  (smoothed),-0.173507,-0.001492,0.210281,0.462565,-0.00079,0.133857,-0.021535,0.084044,0.061527,-0.138018,0.378501,0.004568,0.002698758
S8023 (7.6%),0.288445,0.171907,-0.049262,1.053016,0.042384,-0.169156,-0.155202,-0.211934,-0.065313,0.140102,-0.031341,-0.013648,0.00270329
Rhode St. Genese 36,0.216812,0.077033,0.435734,0.024025,0.27233,-0.023609,-0.057561,0.264282,0.135501,-0.088536,-0.243349,-0.012663,0.002703958
GOE 331 (PFALZ 60) AIRFOIL,0.007517,-0.003135,0.296052,0.643053,0.028687,-0.154934,0.038663,0.167383,0.059493,-0.058525,0.019227,-0.043482,0.00270475
"UA(2)-180 smoothed, original ycoord oscillate +-0.0003",-0.176956,-0.011034,0.441025,0.268587,0.038605,0.316334,-0.021718,0.194539,0.02497,-0.072572,-0.061619,0.059841,0.002709722
GOE 776 AIRFOIL,0.283179,0.010987,-0.035854,0.279363,0.027614,0.233511,0.039968,-0.061478,0.12293,0.09934,0.024597,-0.024154,0.002710258
Prandtl-D Wingtip NASA TP-2016-219072,0.117971,0.142665,-0.053588,0.93589,0.110003,-0.050477,-0.149372,-0.186134,-0.017394,0.210444,-0.072417,0.012409,0.002711388
E226  (10.19%),0.064863,0.006293,-0.041874,1.083452,0.021489,-0.031214,-0.015949,-0.123958,-0.044055,0.096386,-0.045656,0.030224,0.002713006
S9027 (8%),0.222289,0.080444,-0.06977,1.031173,0.103344,-0.155535,-0.080694,-0.168439,-0.078857,0.195758,-0.077766,-0.001949,0.002714816
HAM-STD HS1-404 AIRFOIL,0.122159,0.01622,-0.003878,1.085707,0.062947,-0.318161,-0.043777,0.020813,0.026672,0.104779,-0.023982,-0.049499,0.002716608
S1210 12%,0.016671,0.119706,-0.074142,0.434078,0.080716,0.129828,-0.168085,-0.029733,0.01204,0.083304,0.385338,0.010279,0.002719428
S1014,0.142016,0.007912,-0.060651,0.747633,0.014439,-0.129349,0.012016,-0.127696,0.355223,0.051006,-0.027482,0.014933,0.002725392
E61  (5.64%),0.000414,0.040729,-0.083959,0.899206,0.106086,-0.239893,-0.053783,0.083668,0.018,0.109663,0.216474,-0.096606,0.002726632
GOE 626 AIRFOIL,0.226605,0.115908,-0.103001,0.297667,0.066248,0.18231,-0.139936,0.106342,-0.011698,0.105114,0.122834,0.031607,0.002728906
NLR-7223-43 AIRFOIL,0.169844,0.008053,-0.087039,1.151158,0.055872,-0.350521,0.06079,-0.354287,0.137768,0.016886,0.20084,-0.009364,0.002735388
AH-7-47-6 AIRFOIL,0.037951,0.134246,0.022984,0.832824,-0.023647,-0.25845,-0.15607,-0.019816,0.279228,-0.068248,0.310926,-0.091927,0.002738404
SOMERS S102 AIRFOIL (BLUNT),-0.014337,-0.002654,-0.10877,1.116916,0.037157,-0.022104,0.01764,-0.144095,0.144996,-0.008247,0.158325,-0.174828,0.002748888
WB-135/35  13.5%  smoothed,0.054536,0.002143,-0.030236,0.740112,0.033105,0.105442,-0.02656,0.102894,-0.045371,0.075556,-0.018297,0.006677,0.00275219
AG18,0.091452,0.049823,-0.016689,1.153464,0.059981,-0.159342,-0.052803,-0.116733,-0.117866,0.097702,-0.015365,0.026376,0.002756064
I.S.A. 962,0.262525,0.005639,0.208859,0.721648,0.036997,-0.277996,0.045237,0.128841,0.054646,-0.093216,-0.093647,0.000466,0.00275882
AS5048 (18%) | Ref: http://www.krnet.org/as504x/ [original link: http://amber.aae.uiuc.edu/~ashok/kr2/airfoils/tests/],-0.01034,0.001442,-0.071327,0.931929,0.065326,0.061571,0.037643,-0.160717,0.126902,0.023728,0.039648,-0.045806,0.002765142
LOCKHEED C-141 BL610.61 AIRFOIL,0.148509,-0.007774,-0.105332,1.109417,0.01978,-0.291099,0.093739,-0.158389,0.051144,0.084542,0.079287,-0.023825,0.002770382
AG35,0.223855,0.04465,0.15557,0.941138,0.102043,-0.266225,-0.001146,-0.068753,0.071772,-0.102646,-0.131262,0.031006,0.002772498
AG45c -03f,0.077626,0.045021,0.049809,0.965554,-0.005245,-0.062246,-0.106265,-0.109906,-0.064206,0.216693,0.003381,-0.010217,0.00277482
SD8020-010-88,0.185357,0.02852,-0.055332,1.008808,0.009495,-0.117143,-0.035859,-0.179432,0.024493,0.157989,-0.022442,-0.004454,0.002776818
GOE 685 AIRFOIL,0.07876,0.136259,0.013487,0.514972,0.024882,0.121973,-0.152504,0.083841,-0.01607,0.106172,0.022083,0.066145,0.002781114
NACA 11-H-09 AIRFOIL,0.002169,-0.012306,0.367737,0.901757,-0.001809,-0.104615,-0.026201,0.19426,0.079366,-0.110469,-0.295965,0.006077,0.00278124
SIKORSKY SSC-A09  AIRFOIL,0.105567,0.001896,-0.017521,1.168908,0.02805,-0.233247,0.03509,-0.174898,0.04868,0.052633,-0.001034,-0.014124,0.002783028
NACA 0012-64 a=0.8 c(li)=0.2,0.129824,-0.002872,-0.052307,1.22671,0.008635,-0.338966,0.112904,-0.107054,0.075389,0.006371,-0.046408,-0.012227,0.002784942
AS5046 (16%) | Ref: http://www.krnet.org/as504x/ [original link: http://amber.aae.uiuc.edu/~ashok/kr2/airfoils/tests/],-0.015888,0.001513,-0.061051,1.060361,0.013545,0.082437,0.012086,-0.199142,0.10149,-0.014039,0.071879,-0.053191,0.00278502
NACA 66(4)-221,-0.047002,-0.016123,-0.066023,0.624547,0.081186,-0.032641,0.038233,-0.051289,0.423034,0.07226,0.011537,-0.037718,0.00278709
NACA 23024,0.288225,0.011571,0.113885,0.213656,0.088531,0.192748,0.03554,-0.006145,0.128061,0.038036,-0.079411,-0.024698,0.002789044
NASA NLF(1)-0115,0.010748,-0.006926,-0.026334,0.900482,0.107785,-0.082279,0.034305,-0.141296,0.166233,0.043618,0.049952,-0.056288,0.002790312
E63  (4.25%),0.022987,0.052873,-0.093531,1.121955,0.03987,-0.245366,-0.073203,0.010311,-0.004063,0.091815,0.166188,-0.089837,0.002795656
EPPLER 266 AIRFOIL,-0.124999,-0.009887,0.105734,0.617277,0.071567,0.032928,0.01545,-0.046641,0.241738,0.039485,0.025424,0.031923,0.002796336
BOEING BACXXX AIRFOIL,0.172325,-0.006272,-0.083355,1.162892,0.075049,-0.248443,0.084019,-0.206829,0.018996,0.059591,0.05131,-0.079283,0.002796538
GOE 575 AIRFOIL,0.272049,-0.007209,0.095489,0.734302,-0.030822,-0.255074,0.13284,0.042343,-0.013406,0.057948,-0.02647,-0.001991,0.002797886
NASA/LANGLEY LS(1)-0421MOD AIRFOIL,0.073969,0.012021,0.113837,0.251283,0.166237,0.184214,-0.010218,-0.168436,0.211602,0.037053,0.139955,-0.011517,0.002800642
GOE 7K AIRFOIL,-0.006554,-0.002624,-0.161655,1.17781,0.00946,-0.33587,0.11932,0.014391,0.071803,0.046201,0.11845,-0.05073,0.002803012
WORTMANN FX 049-915 AIRFOIL,-0.142196,-0.089189,0.476841,0.522332,-0.025743,0.236969,0.017674,0.149559,-0.036051,-0.037561,-0.1143,0.041664,0.00280407
MH 25  9.98%,0.123093,-0.000537,-0.045338,1.167253,0.006615,-0.288328,0.08209,-0.121591,0.023006,0.087513,-0.039105,0.005329,0.002804284
MH 126 25.0%,-0.139627,-0.020169,0.151546,-0.04884,0.064077,0.407554,-0.023999,0.404259,0.285831,-0.09097,0.043805,-0.033467,0.002805738
S1221  w/o flap,0.144413,0.093671,-0.018334,0.537275,-0.002581,0.103319,-0.137189,-0.142301,-0.040596,0.121144,0.317017,0.024161,0.002818032
MA409 (smoothed),0.068578,0.081277,-0.073604,0.975111,0.080411,-0.156193,-0.094296,0.006269,-0.046709,0.168452,-0.000007,-0.009289,0.002819364
GOE 599 AIRFOIL,0.02773,0.036939,-0.121328,1.228366,0.023779,-0.092875,0.005457,-0.10154,-0.073345,0.087124,-0.029687,0.00938,0.00282302
LOCKHEED C-141 BL113.6 AIRFOIL,0.180412,-0.011492,-0.139907,1.063383,0.008041,-0.266486,0.096772,-0.166476,0.118762,0.06564,0.075606,-0.024255,0.002824856
E71  (5.15%),0.005563,0.123231,-0.099505,1.17161,0.010507,-0.182708,-0.125391,-0.002763,-0.01605,0.085563,0.118259,-0.088313,0.002827862
BOEING VERTOL V43012-1.58 AIRFOIL,0.313821,0.027047,0.228667,0.408053,0.324205,-0.231812,-0.0026,-0.05202,0.042874,0.138813,-0.14237,-0.054678,0.00283038
RAF 15 AIRFOIL,0.247289,0.21094,0.14106,0.351488,0.315556,-0.351457,-0.19171,-0.112343,0.077826,0.318579,-0.06547,0.058242,0.002833062
EPPLER 562 AIRFOIL,0.049302,0.015946,-0.133406,0.430012,0.225965,0.17828,-0.082874,-0.020921,-0.022602,0.210968,0.144885,0.004444,0.00283547
GOE 711 AIRFOIL,0.010421,-0.000941,0.245481,0.512619,0.027501,-0.089363,0.079268,0.100116,0.046888,0.021987,0.104811,-0.058788,0.002835534
NASA SC(2)-0403 AIRFOIL,0.03755,0.089752,-0.134963,1.607661,0.005869,-0.290203,-0.061219,-0.302458,-0.065179,0.09997,0.011186,0.002034,0.00283752
EPPLER 66 AIRFOIL,0.060487,0.143024,-0.130274,0.360494,0.360494,-0.180677,-0.12939,-0.234166,0.137445,0.253646,0.276258,0.082658,0.002837916
AH 83-150 Q,-0.0529,0.001175,0.175245,0.522587,0.101665,0.00086,-0.02504,0.053375,0.224083,0.022395,-0.036362,0.012918,0.002838114
NACA M9 AIRFOIL,0.225169,0.098923,0.465624,0.108662,0.068671,-0.009993,-0.139615,0.267387,-0.072347,0.003741,-0.294878,0.278656,0.002838132
E475  (15.01%),0.396313,0.163329,-0.040601,0.539183,0.102996,-0.062936,-0.115082,-0.108078,0.042365,0.169471,-0.076335,-0.010626,0.002839134
E212  (10.55%),0.037854,0.067363,-0.121168,0.908526,0.069228,0.005673,-0.099696,-0.059305,0.009233,0.142052,0.09383,-0.053589,0.002843044
REPUBLIC S-3 AIRFOIL,0.054234,0,0.102289,1.049014,0.004517,-0.026345,0.005213,-0.187211,0.000356,-0.008496,0.002313,0.004115,0.002843702
GOE 525 AIRFOIL,-0.019702,-0.007602,-0.022819,0.409019,0.038935,0.142382,0.004841,0.111416,0.096767,-0.141111,0.526,-0.138126,0.002847034
UNIVERSITY OF ILLINOIS UI-1720 AIRFOIL,0.274297,0.193569,0.343056,0.253048,0.045884,0.053936,-0.195814,-0.053864,-0.025287,0.057648,0.102889,-0.049361,0.00285012
Eiffel 385 (S.T. Ae),0.265594,0.166075,0.207249,0.518003,0.140493,-0.017548,-0.127227,0.240255,0.047284,-0.201106,-0.341653,0.102581,0.00285361
AH 81-131,0.002292,-0.046929,0.042381,0.993184,0.02031,-0.113866,0.038743,0.101942,0.219765,-0.110883,-0.12144,-0.0255,0.002857656
NACA 16-006,0.099405,0.000428,-0.103638,1.474519,0.00003,-0.393352,0.068689,-0.244895,-0.006523,0.115754,-0.015345,0.004927,0.0028583
GOE 497 AIRFOIL,-0.004803,0.151348,-0.053704,0.585677,0.065737,0.147035,-0.183891,0.121289,0.019527,0.081087,0.075552,-0.004854,0.00286633
RAF 31 AIRFOIL,0.019919,0.001515,-0.072098,0.932426,0.01726,0.034844,-0.015267,-0.033083,0.004628,0.1118,0.013338,-0.015283,0.00286724
GOE 500 AIRFOIL,-0.028426,0.055779,-0.064513,0.751855,0.078295,0.030054,-0.098425,0.188601,-0.023385,0.072134,0.079845,-0.041815,0.002882558
E222  (10.17%),0.035356,0.017444,-0.062855,0.792928,0.149768,-0.017379,-0.070699,-0.045684,0.00209,0.192337,0.0084,-0.001708,0.002884034
WORTMANN FX 71-089A AIRFOIL,0.402249,0.065226,-0.075356,0.84542,0.128187,-0.321267,-0.01973,-0.213143,0.032967,0.15353,0.034765,-0.032845,0.002890076
NACA 16009,0.126109,0.000136,-0.121059,1.36464,0.010773,-0.392778,0.103599,-0.215626,0.032514,0.116966,-0.040068,0.014794,0.0028906
GOE 223 (MVA H.34) AIRFOIL,-0.007545,-0.00079,-0.14465,0.722144,0.039202,0.250179,-0.007391,0.084918,0.044503,-0.105966,0.213556,-0.08816,0.002893066
GOE 320 (HANSA-BRANDENBURG II.1) AIRFOIL,0.032263,0.013233,0.37467,0.38851,0.04767,-0.035523,-0.00435,0.158792,0.063314,-0.022643,-0.002007,-0.01393,0.00289504
E62  (5.62%),-0.010307,0.060479,-0.063168,1.020136,0.064304,-0.184563,-0.084922,0.083706,0.006028,0.092114,0.088945,-0.072751,0.002902106
GOE 222 (MVA H.33) AIRFOIL,0.056194,0.011158,-0.17635,0.485952,0.101228,0.193497,-0.004921,0.245879,-0.011629,-0.001125,0.168834,-0.068718,0.002913726
NLR-7223-62 AIRFOIL,0.245294,0.000567,-0.039458,1.116709,0.069018,-0.365291,0.070125,-0.123159,0.034687,0.072825,-0.045752,-0.035566,0.002913784
FX 60-100 AIRFOIL,-0.004806,0.099378,-0.142957,1.025706,0.098798,0.059084,-0.130828,-0.046685,-0.048744,0.067057,0.069005,-0.045008,0.002913954
cr001sm,0.010675,0.058865,-0.030294,1.106293,0.046215,-0.114531,-0.052729,0.03763,-0.094977,0.077105,0.000615,-0.044868,0.002914856
PT40,0.235915,0.012542,0.027392,0.70828,0.029604,-0.171846,0.02932,-0.045467,0.03741,0.064906,0.080026,-0.008082,0.002921576
BOEING 707 .19 SPAN AIRFOIL,0.073952,-0.001102,0.03725,1.102402,0.007082,-0.051011,0.02204,-0.183818,0.037966,0.020816,-0.065975,0.000398,0.00292247
GOE 523 AIRFOIL,-0.024813,-0.015132,-0.020388,0.400217,0.031229,0.140417,0.012901,0.08752,0.109959,-0.150307,0.538894,-0.110497,0.00292265
AG11,0.072658,0.005135,0.08267,1.212895,0.015491,-0.21985,0.009586,-0.124221,-0.07302,0.042042,-0.036462,0.013077,0.002923444
NACA 1408,0.112935,0.009962,-0.038311,0.996326,0.081127,-0.1558,-0.033102,-0.138013,-0.014092,0.195272,-0.030376,0.014073,0.002926598
WORTMANN FX 72-MS-150B AIRFOIL,-0.374642,0.024023,-0.023936,0.866338,-0.077173,0.27935,-0.059113,0.234962,0.106945,-0.227422,0.350035,-0.099367,0.002926818
GOE 481A AIRFOIL,0.188346,0.070537,0.107327,0.26114,0.048993,-0.110741,0.018611,0.037968,0.078097,0.086426,0.228777,-0.015481,0.002928568
SP4621HP,-0.196733,-0.16789,-0.19903,0.58053,0.262045,0.315699,0.059268,-0.154735,0.142908,0.130629,0.487939,-0.26063,0.002929612
FX 78-K-140 A/20,-0.091852,-0.068115,0.044266,0.807026,0.020746,-0.071882,0.049948,0.16877,0.223452,-0.023377,-0.056506,-0.002477,0.002931244
Bergey BW-3  (smoothed),0.062212,0.156951,0.151868,0.683431,0.070002,-0.274305,-0.153338,0.16413,-0.037054,0.239481,0.039474,-0.102851,0.002934086
FX 71-L-150/30 AIRFOIL,0.025669,0.002915,-0.09886,0.99179,0.068164,0.162372,-0.049261,-0.15966,0.038004,0.067709,-0.023115,-0.025727,0.002934638
EPPLER EA 8(-1)-006 AIRFOIL,0.146078,0.043346,-0.073848,1.239175,0.037888,-0.263112,-0.036493,-0.190447,-0.008452,0.168845,-0.059702,-0.003278,0.002935794
LOCKHEED C-5A BL488.2 AIRFOIL,0.096704,-0.000429,-0.168732,1.179955,0.008757,-0.245757,0.090029,-0.227647,0.06088,0.089877,0.121153,-0.00479,0.00293589
NASA SC(2)-0706 AIRFOIL,0.059717,0.116569,-0.149807,1.496486,0.02167,-0.267951,-0.052681,-0.323169,0.023274,0.002375,0.08643,-0.012913,0.002936392
S1223,0.050753,0.006913,0.034699,0.412179,0.013512,0.092116,-0.035919,0.021461,-0.092839,0.053649,0.41218,0.031295,0.002936796
NASA NLF(1)-0414F,-0.01375,0.078584,-0.047298,0.657452,0.021381,-0.134594,-0.136131,-0.099984,0.605213,-0.033906,0.145477,-0.042444,0.002941854
AH 93-W-300,0.282155,0.045857,-0.147961,0.005737,0.184997,0.520607,-0.034148,-0.091596,0.083697,0.067459,0.130332,-0.047135,0.002947066
GOE 650 AIRFOIL,0.115652,0.163362,-0.108765,0.494836,0.139502,0.088645,-0.165914,0.052816,-0.020081,0.163317,0.101913,-0.025284,0.002954234
GM15 (smoothed),0.042976,0.084133,-0.056045,0.97143,0.019348,-0.072832,-0.122262,0.090885,-0.061085,0.073189,0.009274,0.02099,0.002960276
AS5045 (15%) | Ref: http://www.krnet.org/as504x/ [original link: http://amber.aae.uiuc.edu/~ashok/kr2/airfoils/tests/],-0.023238,0.00266,-0.084183,1.096349,0.026432,0.085656,-0.00512,-0.212813,0.095639,-0.01822,0.075306,-0.038468,0.002968366
NASA NLF(1)-0215F,-0.065821,-0.067311,-0.001682,0.743193,0.023344,-0.059243,0.073445,-0.203658,0.258881,-0.01559,0.326444,-0.012002,0.002978246
GOE 375 AIRFOIL,0.307656,-0.144067,0.186535,0.404754,0.404754,-0.404754,0.102701,0.014773,-0.033624,0.244922,-0.078802,-0.004848,0.00297912
RONCZ 1080 VOYAGER INNER AFT WING AIRFOIL,-0.056198,-0.006641,0.089682,0.576258,0.055081,0.026394,0.01608,0.014176,0.260578,0.014961,0.003342,0.006289,0.002981698
HT22,0.149971,0.050565,0.046441,1.21991,0.008846,-0.233504,-0.048829,-0.192108,-0.072405,0.100644,-0.035519,0.005987,0.002983152
lrn1007,-0.007906,0.017383,0.062164,1.189283,-0.001414,-0.320872,0.002526,0.15658,0.156803,-0.119785,0.087608,-0.22237,0.002984718
DOUGLAS LA203A AIRFOIL,-0.131859,0.005358,0.009717,0.545154,0.083487,0.183367,-0.055157,0.083955,0.112121,0.042523,0.172014,-0.050681,0.002988452
S1010 HPV airfoil,0.245186,0.062551,-0.085317,1.057322,0.150716,-0.292686,-0.056285,-0.167393,-0.050294,0.235969,-0.083642,-0.016127,0.0029901
RUTAN WING AIRFOIL,0.113348,-0.002025,-0.11152,1.09205,0.016686,-0.187001,0.047858,-0.160797,0.102226,0.053502,0.04131,-0.005637,0.002993634
UNIVERSITY OF ALBERTA UA 79-SF-187 AIRFOIL,-0.117179,-0.027837,-0.108598,0.731397,0.093731,-0.062364,0.050859,-0.00306,0.384405,-0.009162,0.164492,-0.096685,0.002994584
N-22,0.20016,0.050285,0.231835,0.690875,0.071072,-0.145511,0.003569,0.07803,0.099374,-0.165867,-0.134516,0.020693,0.002996564
LOCKHEED C-5A BL576 AIRFOIL,0.105911,-0.00074,-0.156138,1.164729,-0.004214,-0.270607,0.094899,-0.22303,0.064695,0.08371,0.144555,-0.00377,0.003000516
IST-MT1-12,-0.056111,0.000411,-0.400068,1.147129,0.001589,-0.010963,0.005145,0.061358,0.044036,-0.016976,0.284979,-0.060528,0.003003222
GOE 496 AIRFOIL,0.030678,0.011166,-0.046519,0.735497,0.076201,0.033522,-0.072104,0.138098,-0.050706,0.118656,0.040177,-0.014666,0.00300715
LOCKHEED C-5A BL0 AIRFOIL,0.019573,0.132214,-0.176893,1.205713,0.010335,-0.146015,-0.028382,-0.306447,0.115634,0.079466,0.120446,-0.025644,0.003007296
RAF 26 AIRFOIL,0.018543,0.011136,-0.100711,1.271586,0.000641,-0.161336,-0.016848,-0.080887,-0.055603,0.120216,-0.010797,0.00406,0.003007344
AH21 9% version (Andrew Hollom),0.082919,0.073661,-0.128566,1.299042,0.040827,-0.24337,-0.020423,-0.151594,-0.045247,0.101599,0.000528,-0.009376,0.00301106
BOEING VERTOL V13006-.7 AIRFOIL,0.078306,0.028786,0.015138,1.256131,0.025086,-0.226262,-0.013762,-0.216607,-0.039712,0.098532,-0.015638,0.010003,0.00301261
OAF095 AIRFOIL,0.054029,0.067165,-0.13224,0.830693,0.069668,0.044076,-0.137917,0.080477,-0.027375,0.135497,0.024148,-0.008222,0.003022238
SIKORSKY SSC-A07 AIRFOIL,0.056158,0.014658,-0.018387,1.317487,0.002494,-0.230751,0.013944,-0.202843,0.002177,0.054185,-0.010113,0.000991,0.003026906
NLR-1T AIRFOIL,0.233863,-0.001546,-0.03827,1.222207,0.017085,-0.356669,0.083317,-0.101921,0.007995,0.050281,-0.054486,-0.061855,0.00302724
EPPLER STE 87(-3)-914 AIRFOIL,0.121641,-0.001155,-0.130617,0.718004,-0.005388,-0.214636,0.084415,-0.178484,0.260019,0.010638,0.338847,-0.003283,0.003035416
MARSKE MONARCH AIRFOIL (NACA 43012A),0.373092,0.01768,0.345214,0.452086,0.183187,-0.184717,0.003399,-0.063237,0.054583,0.046372,-0.259548,0.031889,0.003038214
HT08,0.195709,0.057159,-0.071387,1.297026,0.021473,-0.266148,-0.05113,-0.198736,-0.069366,0.148113,-0.059317,-0.003396,0.003038454
NACA-0009 9.0% smoothed,0.11484,0.083519,-0.049848,1.070352,0.036331,-0.114581,-0.077824,-0.194341,-0.014889,0.185519,-0.040389,0.00131,0.0030396
GOE 114 (MVA MK.1) AIRFOIL,0.00733,0.005687,-0.186327,1.12716,-0.005629,-0.057097,-0.014756,0.066245,-0.053518,0.081469,-0.01895,0.048386,0.003043954
S9026 (9.5%),0.139767,0.069656,-0.04115,1.010603,0.039586,-0.054759,-0.089084,-0.177848,-0.015521,0.152283,-0.04601,0.012476,0.003046928
LOCKHEED C-141 BL958.89 AIRFOIL,0.2126,-0.01156,-0.067979,0.965241,0.061987,-0.364611,0.101234,-0.138048,0.066891,0.092296,0.127379,-0.045431,0.003050338
NACA M25 AIRFOIL,-0.131565,-0.036692,0.737071,0.365444,0.037807,-0.158531,0.001435,0.283305,0.003408,-0.002843,-0.218348,0.11951,0.003050652
NACA 66-021 AIRFOIL,-0.024521,-0.005272,-0.065079,0.655364,0.072431,-0.041503,0.032122,-0.111032,0.434276,0.078426,-0.005422,-0.01979,0.003051968
BOEING VERTOL V43015-2.48 AIRFOIL,0.331865,0.003844,0.234352,0.466173,0.191039,-0.147428,0.035984,-0.023477,0.089141,0.022013,-0.145685,-0.057821,0.003057762
NASA SC(2)-0406 AIRFOIL,0.102604,0.002685,-0.146622,1.407733,0.036881,-0.254329,0.002289,-0.227768,-0.015385,0.115492,0.00407,-0.027649,0.003059112
AH21 7% version (Andrew Hollom),0.094971,0.044649,-0.125469,0.73273,0.275833,-0.219651,-0.037808,-0.14092,-0.005327,0.324716,0.066884,-0.010608,0.003062018
GOE 164 (MVA MK.10) AIRFOIL,0.034664,0.176018,0.151247,0.514797,0.071185,-0.046708,-0.170841,0.137892,-0.059365,0.10866,0.046126,0.036325,0.003068904
EPPLER 407 AIRFOIL,-0.012492,-0.011446,-0.276314,1.117778,0.004102,-0.144392,0.072741,-0.323604,0.230672,0.002179,0.451805,-0.111028,0.00307163
Eiffel 371 (Monge),0.129061,-0.002976,0.174516,0.645991,0.079077,-0.072265,0.03999,-0.03455,0.072053,0.013756,-0.044356,-0.000297,0.003072142
WORTMANN FX 05-188 AIRFOIL,-0.198615,0.009783,-0.08041,0.620857,0.116551,0.195718,-0.074144,-0.077749,0.321518,0.075977,0.160492,-0.069978,0.00307359
FX 60-100 (126) AIRFOIL,-0.016066,0.075962,-0.130222,1.157161,0.040201,0.095387,-0.125107,0.034009,-0.084495,0.057207,0.057234,-0.161273,0.003080122
E471  (6.25%),0.014259,0.075844,-0.088738,1.060935,0.040043,-0.161155,-0.109592,0.092341,0.033886,0.095188,0.067905,-0.120916,0.003080888
FX 71-L-150/20 AIRFOIL,-0.005705,0.000525,-0.074755,1.019908,0.020364,0.19526,-0.061911,-0.170434,0.074723,0.022169,0.018783,-0.038926,0.003083128
GOE 9K AIRFOIL,0.09306,0.004049,-0.120421,1.487727,0.049709,-0.372469,0.009436,-0.195844,-0.08319,0.157031,-0.034101,0.005012,0.00308686
Rhode St. Genese 30,0.22585,0.003816,0.201507,0.901527,0.011682,-0.265964,0.048887,-0.024327,0.111716,-0.163533,-0.056805,0.005643,0.003089654
BOEING HSNLF AIRFOIL,0.018242,0.009841,-0.251813,1.442222,0.019297,-0.261871,0.068111,-0.32299,0.080041,0.058875,0.180051,-0.040004,0.003090984
GOE 511 AIRFOIL,0.214998,0.014193,0.474111,-0.216826,0.104914,-0.086409,0.043745,0.265814,0.133307,0.022655,-0.109294,0.138792,0.00309134
E216  (10.4%),-0.014809,0.02484,-0.145201,0.753588,0.095224,-0.018717,-0.065558,-0.040868,0.071544,0.108107,0.254749,-0.0229,0.00309258
EPPLER STE 871-514 AIRFOIL,0.066989,0.021555,-0.093849,0.953643,0.000595,-0.302753,0.073524,-0.202743,0.298936,0.031669,0.169974,-0.017541,0.00309841
NACA 0010-35,0.049001,0.000093,-0.105776,1.363313,0.004852,-0.343821,0.101176,-0.216666,0.046317,0.123659,-0.036069,0.013922,0.003100976
AG38,0.184972,0.000862,0.106302,1.154117,0.046105,-0.297261,0.048356,-0.103689,-0.030752,-0.02741,-0.090456,0.008853,0.003101128
NASA SC(2)-0710 AIRFOIL,0.120793,0.050198,-0.166035,1.15484,0.023859,-0.293909,0.013011,-0.456651,0.253711,-0.025656,0.35015,-0.02431,0.00310186
S8035 for RC aerobatic  14% thick,0.143309,0.020081,-0.02709,0.802183,0.016689,0.061988,-0.043748,-0.145916,0.023745,0.169823,-0.017356,-0.003708,0.003103112
Curtis C-72,0.23025,0.015516,0.127032,0.742186,0.154999,-0.188278,0.021568,0.041273,0.099183,-0.146394,-0.088379,-0.008956,0.003106068
NACA 64(1)-212 MOD B,0.073348,0.00592,-0.006042,1.035874,0.02396,-0.029982,-0.005782,-0.177437,0.071523,0.005881,0.048878,-0.046142,0.003106948
GOE 418 AIRFOIL,0.094978,0.0454,0.2645,0.260225,0.032404,0.044817,-0.078019,0.105625,0.034868,0.111106,0.056755,0.027341,0.003114458
FX 76-120,0.171407,0.130411,-0.02462,0.712249,0.101526,-0.02831,-0.130973,-0.170661,0.033135,0.235625,-0.035405,0.005617,0.003115014
HT35,0.094796,0.096753,-0.050426,1.213623,0.017918,-0.101447,-0.092021,-0.206658,-0.072273,0.134571,-0.047974,0.013138,0.003120988
NASA/LANGLEY MS(1)-0317 AIRFOIL,0.117409,0.006339,-0.059074,0.671949,0.097395,-0.028355,0.020016,-0.173222,0.217707,0.043086,0.136302,-0.049551,0.003124214
CAST 10-2/DOA 2 AIRFOIL,0.097851,-0.005719,-0.140691,1.169758,0.04796,-0.319784,0.103132,-0.301621,0.178577,0.032579,0.196941,-0.058984,0.00312467
DORNIER A-5 AIRFOIL,0.010033,-0.006937,-0.12147,0.929115,0.034477,-0.096046,0.055971,-0.264724,0.258472,0.016404,0.300446,-0.115742,0.003133422
EPPLER 472 AIRFOIL,0.437761,0.113393,-0.024917,0.391495,0.219027,-0.130688,-0.119634,-0.130692,-0.028588,0.330037,-0.04606,-0.011133,0.003134798
NACA 0010,0.162556,0.029353,-0.055482,0.864479,0.12781,-0.110845,-0.04991,-0.164876,-0.014783,0.261252,-0.051841,0.002291,0.003134856
SIKORSKY SC1012R8 AIRFOIL,0.254802,0.039429,0.182878,0.631014,0.066494,-0.18309,0.006721,-0.098701,0.076102,0.043938,0.017477,-0.037065,0.003139788
WORTMANN FX 77-W-258 AIRFOIL,-0.259315,-0.022723,0.458237,0.152427,0.01009,0.660235,-0.021068,-0.181596,0.087548,-0.09005,0.189547,0.016666,0.00314308
USA 31 AIRFOIL,0.202602,0.040459,0.172055,0.007881,0.045525,-0.088338,0.017379,0.343845,0.052806,0.002788,-0.026266,0.229263,0.003143236
FX 71-L-150/25 AIRFOIL,0.013689,0.000294,-0.092393,1.052193,0.012942,0.157848,-0.039705,-0.179765,0.068156,0.02332,-0.009965,-0.006614,0.003143938
DFVLR R-4 AIRFOIL,0.044778,0.003276,-0.224358,1.039743,0.062056,-0.161099,0.050261,-0.423634,0.21675,0.056203,0.343549,-0.007525,0.003144746
HT23,0.160876,0.052153,0.05618,1.22447,0.00752,-0.163723,-0.038193,-0.153211,-0.135152,0.072406,-0.093079,0.009753,0.003150738
AH 93-K-132/15,0.003545,0.02535,0.079458,0.674401,0.082834,-0.138051,-0.03193,0.131536,0.281897,-0.009947,-0.097502,-0.001589,0.003154446
S1221  w/ 4 deg flap,0.143053,0.14142,-0.020505,0.604069,0.012049,0.059812,-0.137643,-0.153368,-0.03308,0.021421,0.362852,-0.000081,0.003161202
Glenn Martin 3,0.334123,0.011933,0.173493,0.527656,0.120909,-0.352518,0.127437,0.10099,0.044602,0.045506,-0.057971,-0.07616,0.0031617
FX 83-W-160,0.112539,0.021514,-0.24961,0.340028,0.340028,-0.024328,-0.072861,0.02065,0.175244,0.311789,0.270714,-0.245707,0.003162554
EPPLER 417 AIRFOIL,-0.010897,-0.04216,-0.296809,1.18643,0.002759,-0.164448,0.104242,-0.399965,0.220844,0.023118,0.491592,-0.114707,0.003164658
NASA/LANGLEY LS(1)-0421 AIRFOIL,0.106094,0.00596,-0.115143,0.45056,0.17347,0.031924,0.024578,-0.065379,0.285353,0.06222,0.114641,-0.074279,0.003171182
FX 71-L-150/30 AIRFOIL,-0.005421,-0.000002,-0.077346,1.06422,0.005095,0.184806,-0.037076,-0.175928,0.025138,0.032982,-0.006377,-0.01009,0.003172424
NACA-M1 AIRFOIL,0.104165,0.041334,-0.076184,1.246395,0.0526,-0.230717,-0.036848,-0.211701,-0.037489,0.190831,-0.050315,0.007929,0.003174916
GOE 241 (MVA PR.1) AIRFOIL,0.092455,0.003117,-0.0119,0.339184,0.101543,0.237527,-0.020829,0.182971,0.029744,-0.130591,0.339182,-0.162403,0.003179576
Zv(15-35)16,0.448914,0.012145,0.016089,0.651101,0.047508,0.030764,-0.019928,-0.183673,-0.005994,0.05792,-0.048214,-0.006633,0.003182014
LOCKHEED C-141 BL0 AIRFOIL,0.137602,-0.008372,-0.143675,1.066843,0.022027,-0.22889,0.096162,-0.181727,0.091476,0.079877,0.070668,-0.001991,0.00318215
FX 72-LS-160,-0.2014,0.000383,0.126688,0.46838,0.035261,0.116577,-0.022867,0.293881,0.18957,-0.078073,0.080356,-0.008756,0.003189938
"RONCZ R1145MS FLAP ELEMENT (LONG EZ PIVOT X=0.6874131, Z=-.0138996)",0.234612,0.001758,0.216629,0.726312,0.00451,-0.055078,-0.031525,-0.016494,-0.025407,0.029958,-0.101189,0.015914,0.003191238
EPPLER 473 AIRFOIL,0.373169,0.138558,0.013738,0.490335,0.010288,0.129776,-0.154555,-0.082735,-0.014458,0.17809,-0.082818,0.000611,0.003192368
SIKORSKY SC1095R8 AIRFOIL,0.321829,0.037611,-0.008304,0.438176,0.314914,-0.274036,-0.043193,-0.13949,0.00741,0.356943,0.029979,-0.041839,0.003193052
W1015,0.210744,0.015047,-0.022231,0.621145,0.078135,0.07338,-0.044545,-0.124036,0.000865,0.229204,-0.031469,-0.006238,0.003196726
FX 69-PR-281,0.44512,0.011177,0.029156,-0.429267,0.035771,0.489059,-0.046682,0.178412,0.072369,-0.007893,0.239513,-0.016735,0.003200908
"NACA 67,1-215",0.053508,-0.000012,-0.080051,0.961963,0.001407,-0.251508,0.080186,-0.093581,0.243863,0.103918,-0.015193,-0.004501,0.003214368
FX 75-VG-166/22,-0.012591,-0.141056,0.029818,0.67405,0.010635,-0.050581,0.079054,0.046594,0.374362,0.023463,-0.032205,-0.001543,0.003220106
NACA M8 AIRFOIL,0.193033,0.040801,0.580486,-0.103646,0.069599,0.039903,-0.105102,0.323461,-0.072702,0.009837,-0.286797,0.311126,0.003223026
GOE 417A (GEW. PLATTE) AIRFOIL,0.079758,0.003562,0.177433,1.146873,-0.008023,-0.434583,0.056124,0.154455,-0.097045,0.028511,-0.020914,-0.086151,0.003226464
Glenn Martin 4,0.054446,-0.004039,0.220921,0.517412,0.051369,-0.156131,0.132572,-0.017807,0.025135,0.048865,0.134813,-0.007555,0.00323354
NASA SC(2)-0410 AIRFOIL,0.079749,0.042373,-0.176673,1.048069,0.084659,-0.193229,-0.024728,-0.434363,0.15924,0.153461,0.254103,0.007337,0.003235216
MH 26  10.99%,0.114547,-0.001295,-0.055907,1.180914,-0.008302,-0.284045,0.102951,-0.119308,0.014734,0.088822,-0.037115,0.004005,0.003236542
GOE 506 AIRFOIL,0.105684,0.008227,0.032268,0.506912,0.071197,0.018515,0.029484,0.130946,0.074279,0.019448,-0.003946,0.006985,0.003237374
NACA 16-012,0.08961,0.044406,-0.098243,1.243595,-0.011405,-0.348878,0.088608,-0.201144,0.095619,0.124412,-0.029624,0.003041,0.003244954
S1016,0.102336,0.081059,-0.005398,0.315285,0.170173,-0.002977,-0.109275,-0.081571,0.32434,0.266225,-0.048665,-0.011533,0.003245148
EPPLER 59 AIRFOIL,0.016756,0.095503,-0.121482,1.132477,0.021636,-0.223802,-0.091756,0.047657,0.013121,0.088085,0.161629,-0.139822,0.003247088
BOEING-VERTOL V23010-1.58 AIRFOIL,0.086737,0.000479,0.105607,1.056326,0.008207,-0.076546,0.013098,-0.179306,-0.024252,0.021888,-0.014162,0.001925,0.003255502
NACA 0010-65,0.20657,-0.003264,-0.10795,1.19001,0.025776,-0.427731,0.117661,-0.204513,0.067482,0.142746,-0.006633,-0.000153,0.003257006
AG36,0.202402,0.005176,0.132816,1.058264,0.051663,-0.277673,0.047923,-0.12955,0.043941,-0.121483,-0.089288,0.075808,0.003259312
HT 13,0.226976,0.080252,-0.056545,1.206571,0.016678,-0.187506,-0.077462,-0.179164,-0.103013,0.147248,-0.076325,0.00229,0.003259894
GOE 559 AIRFOIL,-0.142599,-0.009912,0.11359,1.066296,0.012979,-0.026738,0.019843,-0.063775,-0.004632,0.009243,0.014013,0.011692,0.003261318
NASA SC(2)-0503 AIRFOIL,0.074942,0.035782,-0.111866,1.594481,-0.001984,-0.300223,-0.034036,-0.232856,-0.035232,0.062922,-0.036853,-0.015076,0.003261796
HT33,0.184325,0.016084,-0.059105,1.245512,0.010343,-0.199316,-0.032696,-0.186759,-0.082149,0.154053,-0.061963,0.011673,0.00326573
St. CYR 171 (Royer),0.170129,0.191302,-0.033053,0.683641,0.158896,-0.06109,-0.184611,-0.215763,0.056119,0.23609,0.007198,-0.008858,0.00327657
AH 93-W-257,-0.174406,-0.004815,-0.237958,0.636219,0.018137,0.74863,-0.119901,-0.124583,0.080155,0.020244,0.274778,-0.1165,0.003277218
GOE 242 (MVA PR.2) AIRFOIL,-0.109282,-0.019922,-0.089081,0.681358,0.080954,0.277442,-0.034623,0.072866,-0.01509,-0.080414,0.429086,-0.193293,0.003282942
RAE 5214 AIRFOIL,0.061756,0.065988,-0.139582,1.235822,0.037928,-0.142049,-0.031458,-0.269707,0.054923,0.022172,0.190148,-0.08594,0.00328634
OAF102 AIRFOIL,0.00038,0.006779,-0.148054,0.920651,0.013644,0.107505,-0.106636,0.109804,-0.013374,0.122873,-0.012183,-0.001391,0.003287168
GOE 229 (MVA H.39) AIRFOIL,0.009038,-0.000417,-0.132834,0.688968,0.035516,0.249528,-0.003128,0.08404,0.066264,-0.123808,0.233707,-0.106873,0.003292346
HT21,0.148034,0.221912,-0.064,1.266356,0.069206,-0.223087,-0.176861,-0.191575,-0.107176,0.192066,-0.114944,-0.019931,0.003294302
EPPLER EA 6(-1)-012 AIRFOIL,0.115283,0.004016,-0.075554,1.028999,0.035754,-0.033444,-0.031259,-0.13987,0.077245,0.094825,-0.029937,-0.046056,0.003301218
MARSKE PIONEER IID TIP AIRFOIL (NACA 431012A*.833 HYBRID),0.303971,0.182357,0.294698,0.207458,0.453517,-0.172003,-0.198845,-0.038094,0.005734,0.310878,-0.270487,-0.079186,0.003301218
NACA 2412,0.099084,0.017751,0.012644,0.663078,0.100147,-0.019243,-0.042829,-0.045834,-0.005517,0.234181,-0.018612,0.005149,0.003301606
I.S.A. 960,0.200352,0.045208,0.211885,0.256361,0.32026,-0.197277,-0.090533,0.187743,0.083996,0.177168,-0.175635,-0.019529,0.003305818
WORTMANN FX 71-120 AIRFOIL,0.281229,0.126803,-0.023878,0.430556,0.246685,-0.081617,-0.147551,-0.136678,0.031125,0.335378,-0.029814,-0.032238,0.003306538
GOE 8K AIRFOIL,-0.006866,-0.07945,-0.177049,0.902066,0.036165,-0.350796,0.215362,0.097706,0.156745,0.054829,0.218287,-0.066998,0.00330874
USA 98 AIRFOIL,0.021097,0.079544,-0.054217,0.227989,0.106892,0.156017,-0.12796,0.13984,0.004718,0.227989,0.221761,-0.003673,0.003310764
NASA SC(2)-0712 AIRFOIL,0.098789,0.133097,-0.121239,0.785695,0.066201,-0.181162,-0.146057,-0.416193,0.493213,-0.028519,0.409432,-0.093258,0.003313404
Coanda 2,0.06829,0.001208,0.019083,2.194601,-0.094963,-0.74091,0.094512,-0.251176,-0.096207,-0.193131,0.041529,-0.042836,0.00331793
GOE 744 AIRFOIL,0.007416,0.045867,0.781858,-0.148031,0.050439,0.303233,-0.149376,0.324527,-0.010752,-0.024774,-0.33412,0.153712,0.003323954
GOE 10K AIRFOIL,0.054199,0.070133,-0.107177,1.351798,0.078003,-0.323295,-0.044338,-0.165773,-0.057706,0.175752,-0.018888,-0.012707,0.003326912
USA 32 AIRFOIL,0.208644,0.065952,0.281353,-0.054165,0.077928,-0.108582,-0.000974,0.468324,0.039914,0.0416,-0.199199,0.179205,0.00333467
"NACA/LANGLEY SYMMETRICAL, SUPERCRITICAL AIRFOIL",0.263298,-0.010031,-0.087561,1.104024,-0.020521,-0.352178,0.114337,-0.176699,0.056333,0.118026,0.003079,-0.012106,0.003338266
FX 73-170,-0.245991,-0.03807,-0.105051,0.928469,0.015458,0.12246,0.021062,-0.014717,0.230164,-0.052883,0.207944,-0.068844,0.00334318
RAE 5215 AIRFOIL,0.108821,0.052861,-0.182271,1.270362,0.047854,-0.198197,-0.000848,-0.257468,0.036655,0.048144,0.196177,-0.122089,0.003348886
EPPLER E850 AIRFOIL,0.036781,0.001718,-0.261483,1.419822,0.050183,-0.186416,0.015731,-0.175349,-0.040883,0.12915,0.087444,-0.076699,0.003349372
GRUMMAN K-2 AIRFOIL,0.108226,0.132308,-0.181076,0.906947,0.015301,-0.224902,-0.097911,-0.453987,0.223753,0.272918,0.327015,-0.028593,0.003353258
DU 80-176 V1,-0.130926,-0.037845,0.065484,0.406909,0.153331,0.121482,-0.043455,-0.080501,0.325739,0.126076,0.11991,-0.026206,0.003357714
Dormoy,0.135411,0.003801,0.139524,1.12406,0.02751,-0.251565,0.048252,-0.072717,0.089605,-0.185728,-0.069579,0.011426,0.003363864
HT 14,0.29524,0.037554,-0.059716,1.065279,0.052157,-0.173054,-0.062168,-0.121751,-0.085621,0.178605,-0.123299,-0.003226,0.003364704
UNIVERSITY OF GLASGOW GU25-5(11)8 AIRFOIL,-0.154625,-0.324806,0.024816,0.475603,0.163356,0.122425,0.254259,0.440435,0.103301,0.000489,-0.098018,-0.007234,0.00336697
GOE 11K AIRFOIL,0.079056,0.025287,-0.151584,1.318623,0.006076,-0.326977,0.056794,-0.070911,-0.014533,0.073633,0.020149,-0.015614,0.003368284
S9104BTE # Airfoil by Michael Selig / CC BY 4.0,-0.05023,0.062497,0.031651,0.045628,-0.02146,0.143131,-0.099024,0.174777,-0.129746,0.122937,0.797135,-0.077295,0.003370966
GOE 572 AIRFOIL,-0.104813,-0.013774,0.585054,-0.007326,0.080967,0.227827,0.018322,0.251345,0.010915,-0.051043,-0.039785,0.04231,0.003371208
GOE 767 AIRFOIL,0.306453,0.053437,0.193903,0.566589,0.043391,-0.035749,-0.07271,-0.133059,-0.024344,0.142016,-0.031162,-0.008764,0.003373202
USA 33 AIRFOIL,0.116384,-0.000692,0.499615,0.151571,0.00012,-0.007799,0.004665,0.118131,0.095831,0.050487,-0.06088,0.032566,0.003374464
Dayton-Wright T-1,0.113819,0.358787,0.284133,0.466622,0.097642,-0.017416,-0.26642,0.207334,0.115026,-0.092119,-0.314511,0.047102,0.003379026
NACA 64(1)-212 MOD A,-0.001521,-0.000581,0.10545,1.000069,0.010748,-0.052382,0.007065,-0.142061,0.098082,-0.029299,0.076116,-0.071686,0.0033814
NASA SC(2)-0610 AIRFOIL,0.040336,0.22972,-0.132935,1.048788,0.055186,-0.172052,-0.1792,-0.407261,0.243181,0.072441,0.251765,-0.04997,0.003383148
AH 80-136,-0.059074,-0.060977,0.232012,0.874414,-0.001229,0.136849,-0.005892,0.157653,0.037156,-0.089931,-0.212792,-0.008187,0.00338381
FX 75-193,-0.214508,-0.074126,-0.095235,0.781717,0.00541,0.112473,0.052521,-0.066298,0.34096,-0.02908,0.250899,-0.064733,0.003387414
MH 27  11.99%,0.100799,-0.005451,-0.05952,1.129344,0.010708,-0.28198,0.116596,-0.113472,0.028654,0.103832,-0.044609,0.015099,0.003394334
HSNLF(1)-0213 AIRFOIL,0.003654,0.068944,0.060934,0.639419,0.065933,-0.076691,-0.153891,-0.077882,0.512272,-0.015346,-0.032342,0.004996,0.003410702
NACA M2,0.118407,0.021716,-0.06583,1.090663,0.080032,-0.177851,-0.02682,-0.17949,-0.032082,0.23125,-0.063358,0.003362,0.003414946
NACA 2-H-15 AIRFOIL,-0.06393,-0.098155,0.10659,0.770024,0.074763,-0.072575,0.069092,0.391568,0.216207,-0.109431,-0.27954,-0.004613,0.003421928
EPPLER 817 HYDROFOIL AIRFOIL,-0.02904,0.076808,-0.368742,1.316977,0.02419,-0.062229,-0.034147,-0.181755,0.031235,0.053341,0.213014,-0.039652,0.003427066
EPPLER 546 AIRFOIL,-0.105819,0.021896,0.107179,0.551864,0.123372,0.100433,-0.095841,-0.147731,0.332828,0.08319,0.044691,-0.016062,0.003445066
MI-VAWT1,0.194447,0.045787,-0.014584,0.556381,0.001052,0.203076,-0.012916,-0.137497,0.131204,-0.002018,0.036556,-0.001487,0.00344556
FX 77-W-270,-0.240893,-0.01737,0.432538,0.184499,0.035174,0.550596,0.054592,-0.196804,0.053568,-0.072856,0.196671,0.020285,0.003446322
BOEING AIRFOIL J,0.053562,0.076326,-0.238794,0.972598,0.118876,-0.222775,-0.0424,-0.446217,0.193039,0.18,0.357511,-0.001726,0.003461624
BOEING-VERTOL VR-11X AIRFOIL,0.275415,-0.007636,0.014097,0.909848,0.074988,-0.355563,0.092178,-0.044491,0.096322,0.033543,-0.024401,-0.064299,0.0034661
DRAGONFLY CANARD,-0.335168,-0.163298,0.250981,0.559537,0.003474,0.391663,0.072133,0.348118,0.021565,-0.043938,-0.128555,0.023486,0.003466706
D.G.A. 1182,0.053938,0.020384,-0.081846,1.390049,0.001613,-0.229723,0.017946,-0.203134,-0.032168,0.051966,-0.04202,0.052996,0.003467816
FX60-100 10.0% smoothed,0.001489,0.001856,-0.127415,1.108772,0.023924,0.064533,-0.052409,-0.016519,-0.057946,0.025576,0.056021,-0.027881,0.003476644
YS-915,0.035267,0.00433,-0.288897,1.456863,0.000131,-0.178158,0.045485,-0.100674,-0.032952,0.061145,-0.011102,0.008561,0.003484594
MI-STRUT1,0.280402,-0.017913,0.034066,-0.179599,0.024395,0.492531,0.070276,-0.034208,0.177056,0.071573,0.074606,0.006816,0.003493804
ESA40,0.158545,0.05766,0.278031,0.967556,0.003075,-0.073961,-0.03437,-0.126018,-0.01727,-0.012159,-0.186321,-0.01477,0.003494746
NACA 16-015,0.103653,-0.001947,-0.100608,1.140571,-0.012399,-0.316542,0.141704,-0.122745,0.118831,0.137752,-0.08563,-0.00264,0.003501052
NACA 1-H-15 AIRFOIL,-0.06127,-0.1467,0.0666,0.680259,0.130853,-0.057724,0.069465,0.490471,0.247996,-0.092313,-0.275181,-0.052454,0.003501414
GOE 14K AIRFOIL,0.097325,0.075607,-0.171712,1.166258,-0.013345,-0.313538,0.071149,-0.00028,0.042795,0.084077,-0.018232,-0.020104,0.003519222
EPPLER 58 AIRFOIL,0.022927,0.06362,-0.109785,0.965956,0.033296,-0.26424,-0.073505,0.066452,0.098753,0.062677,0.264365,-0.130515,0.003524302
St. CYR 172 (Royer),0.30008,0.008862,-0.028199,0.69146,0.036306,-0.017829,-0.027979,-0.086514,-0.001932,0.206,-0.075212,-0.005042,0.003552706
NACA M26 AIRFOIL,-0.102765,-0.039761,0.747796,0.254391,0.020064,-0.13422,0.005403,0.318827,0.052114,-0.010415,-0.214137,0.102704,0.003556358
NASA/AMES A-03 AIRFOIL,0.081113,0.018027,0.012371,1.124801,-0.033736,-0.176961,0.008761,-0.122761,0.125574,-0.022784,-0.006765,-0.007642,0.003567884
FX 78-K-161,-0.103876,-0.019827,0.121674,0.726026,0.001414,0.037907,-0.00419,0.126113,0.230275,0.018313,-0.136393,0.002564,0.003570174
STRAND AIRFOIL,0.006443,0.047103,0.393507,0.432901,-0.002989,0.391178,-0.133065,-0.072226,-0.160465,0.017998,0.047349,0.032266,0.003571934
BOEING VERTOL V(1.95)3009-1.25 AIRFOIL,0.043691,0.016712,0.09961,1.059765,0.0048,-0.0962,-0.005062,-0.172966,-0.035834,0.079497,-0.000971,0.006961,0.00357386
NASA SC(2)-0612 AIRFOIL,0.041499,0.130801,-0.151154,0.847379,0.147144,-0.132171,-0.100136,-0.435228,0.223145,0.145887,0.343769,-0.060935,0.003585004
FX 77-080,0.123082,0.120533,-0.063839,1.001616,0.134224,-0.125734,-0.109014,-0.219547,-0.06843,0.228085,-0.067704,0.046728,0.003586668
GOE 464 AIRFOIL,0.067735,-0.002082,0.598525,0.380706,-0.015877,-0.294405,-0.003167,0.339657,0.008424,-0.05843,0.078151,-0.099236,0.00361073
JN-153 AIRFOIL,-0.217132,-0.003774,0.480339,0.130997,0.010652,0.49902,-0.110212,0.211685,-0.039235,-0.058246,0.043221,0.052686,0.00361536
GOE 225 (MVA H.35) AIRFOIL,0.027298,0.036575,-0.067068,0.507049,0.08595,0.126202,-0.070132,0.22853,-0.085049,0.068983,0.171496,-0.029836,0.003618984
GOE 561 AIRFOIL,-0.125805,-0.019139,0.730594,-0.509516,0.121527,0.394015,0.028476,0.411146,0.106788,-0.091929,-0.049459,0.003302,0.003630748
NASA RC(4)-10 AIRFOIL,0.048424,0.003404,0.173317,0.948711,0.000175,-0.103353,0.009931,-0.070505,0.011467,0.027229,-0.034839,-0.013961,0.003643556
A18 (smoothed),0.024403,0.029711,-0.039331,0.85896,0.08344,-0.078587,-0.094941,0.08376,-0.006977,0.153561,-0.01856,0.004562,0.003671278
NASA SC(2)-0404 AIRFOIL,0.080984,0.002029,-0.135655,1.500252,0.002313,-0.266797,-0.025412,-0.237008,0.001052,0.101169,-0.014197,-0.008729,0.003680222
WORTMANN FX 2 AIRFOIL,-0.089364,-0.043001,-0.264038,0.779648,0.049314,-0.166942,0.114201,-0.255911,0.531532,-0.021003,0.464387,-0.098824,0.003683926
EPPLER EC 86(-3)-914 AIRFOIL,0.060484,0.012799,-0.208251,0.773757,0.009196,-0.126111,0.035587,-0.331564,0.290682,-0.003271,0.491054,-0.004361,0.003687162
GOE 233 (MVA CA4) AIRFOIL,0.108022,0.087629,-0.210291,0.6354,0.066479,0.149265,-0.125753,0.294603,-0.192972,0.021704,0.114944,0.05097,0.003691198
NASA/LANGLEY RC-SC2 AIRFOIL,0.185721,0.208015,-0.064822,0.439524,0.392782,-0.229821,-0.197861,-0.08916,0.055596,0.46105,-0.066425,-0.0946,0.003693964
NACA M27 AIRFOIL,-0.049776,-0.04393,0.786665,0.046287,0.014001,-0.073884,0.020494,0.381498,0.099639,-0.00989,-0.196706,0.025601,0.003696404
NYU/GRUMMAN K-1 AIRFOIL,0.105335,0.009182,-0.310008,1.283754,0.005504,-0.106529,0.0212,-0.262882,0.076356,0.017913,0.239658,-0.079482,0.00370982
WORTMANN FX 05-H-126 AIRFOIL,-0.100947,-0.020206,0.272717,0.816752,0.015506,0.129624,-0.048851,0.188456,0.045623,-0.093065,-0.21544,0.009832,0.003719712
AG37,0.014457,0.019004,0.020515,2.187322,-0.000522,-0.751675,0.067478,-0.419588,-0.053306,-0.210305,0.00039,0.126229,0.003767608
YS-900,0.091315,0.00006,-0.118934,1.418365,0.009842,-0.41973,0.120516,-0.218963,0.005723,0.153314,-0.059431,0.017926,0.00378182
YS-930,0.05181,0.030927,-0.248836,1.044886,0.087621,-0.158596,-0.031326,0.025018,0.011924,0.196705,0.01999,-0.030124,0.003789158
NASA SC(2)-0412 AIRFOIL,0.09287,0.052195,-0.18799,0.920955,0.084179,-0.133476,-0.041903,-0.415062,0.212367,0.147616,0.27531,-0.007061,0.003792914
NACA 0012 AIRFOILS,0.127459,0.040095,-0.023789,0.885946,0.025928,-0.011954,-0.05551,-0.128277,-0.005887,0.219789,-0.058671,-0.015128,0.003804932
BOEING 707 .08 SPAN AIRFOIL,0.342123,0.125769,-0.123923,0.832959,0.237734,-0.117406,-0.11246,-0.228801,-0.08424,0.287452,-0.013705,-0.145501,0.003822324
GOE 12K AIRFOIL,0.094312,-0.003641,-0.168525,1.062943,0.020897,-0.322227,0.119128,-0.005538,0.047818,0.073505,0.106229,-0.024902,0.003833006
GOE 358 AIRFOIL,0.033528,0.204968,-0.14522,0.528754,0.222098,0.085887,-0.214496,0.029669,-0.122721,0.179479,0.13595,0.062103,0.003848494
GOE 571 AIRFOIL,-0.089545,-0.043068,0.660612,-0.412192,0.07768,0.39618,0.048549,0.393904,0.087305,-0.102063,-0.019402,0.002039,0.003861942
EPPLER 603 AIRFOIL,-0.088649,-0.116536,0.077779,0.5991,0.013111,0.088087,0.088552,-0.073697,0.294278,-0.018499,0.128746,0.007727,0.003865954
WORTMANN FX 08-S-176 AIRFOIL,-0.328967,-0.083763,0.406852,0.430784,0.004764,0.284597,0.010973,0.125107,0.126066,0.003489,-0.037985,0.058082,0.003867236
TH 25816 HALE AIRFOIL,-0.057836,-0.251935,-0.135466,0.519543,0.0414,-0.0786,0.316418,0.085755,0.366089,0.12991,0.12859,-0.063869,0.003886788
"SC(2)-0714 | Supercritical airfoil (coordinates from Raymer w/ one correction). These coordinates are actual model coordinates, not coordinates as designed. Ref: NASA TP-2890",0.154131,0.007517,-0.225147,0.988055,0.053584,-0.197356,0.051034,-0.442149,0.277541,-0.009104,0.390133,-0.048238,0.00388856
NACA 6-H-10 AIRFOIL,-0.074759,-0.000571,0.369422,0.730628,0.061603,-0.06456,-0.042951,0.273728,0.053226,0.010173,-0.404135,0.088197,0.00389082
12% JOUKOWSKI AIRFOIL,0.087997,0.215728,0.017959,0.740844,0.061069,0.172286,-0.277017,-0.146792,0.003748,0.205867,-0.063473,-0.018215,0.003896826
CAP 21   (TraCFoil),0.542156,0.2402,0.098858,0.113204,0.11482,-0.018474,-0.241994,-0.121945,0.074125,0.191269,0.022519,-0.014738,0.003899076
HT12,0.11529,0.104326,-0.049832,1.315583,-0.002596,-0.171373,-0.093085,-0.253847,-0.121411,0.129944,-0.051574,0.078576,0.00398076
NPL AIRFOIL FROM ARC CP 1372,-0.006065,0.008369,-0.188771,1.126257,0.103511,-0.071706,-0.034676,-0.260816,0.033058,0.2461,0.224139,-0.1794,0.003986232
DSMA-523B AIRFOIL,0.131742,0.130616,-0.191997,0.828128,0.006616,-0.210082,-0.13975,-0.556632,0.498531,0.025995,0.511574,-0.03474,0.003995998
SIKORSKY SC2110 AIRFOIL,0.035627,-0.000091,0.092318,1.05207,0.014214,-0.153979,0.026025,-0.150436,0.062557,0.029145,0.003551,-0.011002,0.00401687
BOEING 737 ROOT AIRFOIL,0.334397,0.226374,0.082962,0.082387,0.334397,0.060519,-0.256794,-0.143503,0.129191,0.211077,-0.074419,0.013411,0.00402663
GOE 298 AIRFOIL,0.108143,0.000348,0.239165,0.272731,0.014324,0.060103,-0.053383,0.135261,0.015077,0.153914,0.040296,0.014022,0.004037484
MILEY M06-13-128,-0.145517,0.011796,0.429359,0.633123,-0.001583,0.237563,-0.099893,0.163321,-0.002789,-0.066697,-0.185888,0.027205,0.004051408
GOE 431 AIRFOIL,0.038049,0.114918,-0.094539,0.605051,0.038841,0.058401,-0.127613,0.208107,-0.034105,0.063568,0.199929,-0.070607,0.004052282
EPPLER 818 HYDROFOIL AIRFOIL,-0.03086,0.013573,-0.337235,1.258889,0.067709,-0.054653,-0.03544,-0.102932,0.002926,0.1372,0.114195,-0.033371,0.00407681
NACA 16-018,0.071984,-0.000115,-0.084722,1.035049,-0.038247,-0.295913,0.174042,-0.147866,0.173175,0.144577,-0.030597,-0.001367,0.004095534
GOE 570 AIRFOIL,-0.109618,-0.081899,0.419984,-0.509542,0.058812,0.565257,0.123813,0.546121,0.209335,-0.168804,-0.006142,-0.047316,0.004100326
NASA SC(2)-0518 AIRFOIL,0.19199,0.006162,-0.25901,0.769159,0.110132,0.002596,0.01868,-0.296787,0.218094,0.059339,0.254972,-0.075327,0.004101046
GOE 15K AIRFOIL,0.089751,-0.000639,-0.18407,1.047132,-0.021451,-0.270494,0.158231,0.085091,0.035622,0.095517,-0.031268,-0.003421,0.00411053
EPPLER 403 AIRFOIL,-0.041472,0.017214,-0.228412,0.749088,-0.014034,-0.123088,-0.066969,-0.533676,0.744778,-0.167044,0.698072,-0.034455,0.004115936
Eiffel 430 (Lachassgne),0.267533,-0.010054,0.292674,0.563805,0.077692,-0.265126,0.034306,0.241024,0.039881,-0.019232,-0.190088,-0.032416,0.00411952
NASA SC(2)-0714 AIRFOIL,0.075634,0.078922,-0.116562,0.633349,0.046387,-0.104746,-0.126177,-0.448843,0.555103,0.008026,0.486863,-0.087955,0.00412734
NACA 6-H-15 AIRFOIL,-0.154529,-0.032885,0.390442,0.636935,0.021823,0.133739,-0.02549,0.379319,0.094204,-0.016282,-0.448462,0.021187,0.00413623
EPPLER STF 863-615 AIRFOIL,-0.04058,-0.000304,-0.222208,1.061159,0.047208,-0.310123,0.095562,-0.331152,0.414669,-0.075977,0.412952,-0.051206,0.004153566
HAM-STD HS1-430 AIRFOIL,0.437234,0.071674,0.054173,-0.360109,0.128711,-0.000766,0.168916,0.083256,0.178781,0.150837,0.100798,-0.013504,0.004154032
NASA/AMES A-02 AIRFOIL,0.079423,0.019055,-0.032328,1.08115,0.059806,-0.14092,-0.036946,-0.192098,-0.025293,0.194837,-0.004118,-0.002568,0.00415577
NACA 5-H-20 AIRFOIL,-0.100093,-0.053451,0.375686,0.330215,0.054022,0.218252,-0.023809,0.524054,0.182396,0.024457,-0.532609,0.00088,0.004170424
WHITCOMB INTEGRAL SUPERCRITICAL AIRFOIL,0.134566,0.034922,-0.23082,0.933992,-0.005871,-0.24646,-0.032395,-0.641079,0.460448,0.007684,0.577091,0.007923,0.004215122
DSMA-523A AIRFOIL,0.134953,0.006508,-0.223599,0.897661,-0.002849,-0.226752,-0.015723,-0.611123,0.412644,0.065513,0.560355,0.002411,0.00421999
LIEBECK L1003 AIRFOIL,-0.347166,0.040746,0.881832,0.036274,-0.20273,0.740352,-0.196304,0.025594,-0.101255,-0.083495,0.038107,0.168044,0.00425014
WORTMANN FX 77-W-343 AIRFOIL,-0.014077,-0.570621,0.463763,-0.199468,0.001563,0.683258,0.461528,0.043485,0.043587,-0.048155,0.13483,0.000308,0.004257274
NASA SC(2)-1006 AIRFOIL,0.156466,0.147442,-0.067125,1.374983,0.128111,-0.325165,-0.065705,-0.162534,0.034097,-0.124754,-0.096599,0.000783,0.004306902
St. CYR 234 (Bartel 17-IC),0.453835,0.138522,0.207309,0.089072,0.340476,-0.12843,-0.088121,0.371923,0.133033,-0.137371,-0.349819,-0.030429,0.004307178
NASA SC(2)-0414 AIRFOIL,0.093728,0.064547,-0.184669,0.836784,0.081246,-0.057321,-0.059538,-0.362448,0.208892,0.170721,0.283898,-0.075841,0.004315082
SIKORSKY DBLN-526 AIRFOIL,0.019289,0.019897,-0.13385,0.722791,0.02076,-0.318732,0.322684,0.08271,0.124987,0.149827,0.027123,-0.037486,0.004317084
NASA SC(2)-0606 AIRFOIL,0.049185,0.018221,-0.102923,1.33145,0.053725,-0.193027,-0.04823,-0.212462,0.045572,0.075208,0.004808,-0.021527,0.004337864
NACA 16-021,0.079715,-0.011512,-0.0819,0.848873,0.000907,-0.295766,0.209123,-0.140985,0.231455,0.169169,-0.007857,-0.001222,0.00435532
NASA/DLR NLF(2)-0415,-0.004869,-0.028629,-0.323736,1.250686,0.017268,-0.314557,0.107594,-0.347189,0.387953,-0.005905,0.446455,-0.185071,0.004363472
GOE 190 (MVA MK.18) AIRFOIL,0.086342,0.243278,-0.095994,0.63423,0.04649,0.16503,-0.238491,0.144339,-0.129681,0.084355,0.067906,-0.007803,0.004382616
HT05,0.148232,0.112334,-0.065167,1.422903,0.014046,-0.223071,-0.069994,-0.189989,-0.196526,0.14927,-0.099136,-0.0029,0.004406234
NLR-7301 AIRFOIL,0.226346,0.011612,-0.211845,0.85735,0.051167,-0.071295,0.012379,-0.207522,0.23651,0.027868,0.214555,-0.147125,0.004435346
GOE 243 (MVA PR.3) AIRFOIL,0.064711,0.050246,-0.132809,0.368974,-0.050148,0.359129,-0.145732,0.046729,0.32302,-0.315314,0.522181,-0.090987,0.004496324
AH 88-K-136/16,-0.017865,0.000036,0.133393,0.520054,0.021255,-0.093138,-0.098264,0.090423,0.542934,-0.064287,-0.032481,-0.00206,0.004497324
GRUMMAN K-3 AIRFOIL,0.248663,0.019806,-0.380706,0.909057,0.096559,-0.098156,0.058983,-0.231648,0.132079,0.077575,0.348887,-0.1811,0.004520316
NASA SC(2)-1010 AIRFOIL,0.242126,0.033541,-0.097529,1.225043,0.048926,-0.320758,0.048685,-0.188489,0.173394,-0.202426,0.075917,-0.038429,0.004523074
GOE 13K AIRFOIL,0.068891,-0.012801,-0.160961,0.816373,0.002531,-0.272489,0.152694,0.069854,0.117054,0.066793,0.188399,-0.036339,0.004525074
WORTMANN FX 3 AIRFOIL,-0.103605,-0.003518,-0.234659,0.721715,0.012155,-0.233309,0.08054,-0.334639,0.654227,-0.018762,0.521063,-0.061207,0.004530098
GOE 16K AIRFOIL,0.083132,-0.002042,-0.194957,0.849986,0.007651,-0.233007,0.181831,0.160891,0.068349,0.111887,-0.032422,-0.001298,0.004545034
NASA SC(2)-0614 AIRFOIL,0.072399,0.197764,-0.224251,1.08723,0.055386,-0.052681,-0.12726,-0.330885,0.203703,-0.005167,0.220113,-0.096352,0.004581994
NACA 0010-66,0.295084,-0.014403,-0.102078,1.159395,0.027924,-0.506569,0.166169,-0.157287,0.001493,0.190446,-0.065342,0.005168,0.00458225
EPPLER 502 AIRFOIL,-0.055016,0.007633,0.089861,0.587019,0.018371,-0.003958,-0.114486,-0.052868,0.581843,-0.051545,-0.006794,-0.00006,0.00459304
EPPLER 49 AIRFOIL,0.043097,0.050982,-0.065717,1.130613,0.001071,-0.346458,0.053227,0.08345,0.018545,-0.047954,0.085505,-0.00636,0.004610128
NPL 9510 AIRFOIL,0.105809,0.153896,-0.378621,1.235376,-0.028605,-0.074805,-0.172246,-0.35462,0.27225,0.062043,0.338345,-0.158823,0.004629438
YS-920,0.023384,0.025296,-0.297354,1.116583,0.138389,-0.146991,-0.029244,-0.067494,-0.000334,0.229882,-0.008125,0.016007,0.004668164
Marsden,-0.365222,-0.025752,0.500879,-0.409405,0.066055,0.795776,-0.055297,-0.110321,0.146918,-0.116615,0.48419,0.088792,0.004688926
AH 94-W-301,-0.014132,-0.020475,-0.205822,0.082387,0.074413,0.844367,-0.123622,0.043864,0.007622,0.302933,0.121209,-0.112743,0.004771188
AS6096 | Ananda-Selig | AIAA Paper 2018-0310,0.156992,0.064188,0.069214,0.580727,0.032595,-0.092496,-0.162544,0.326406,-0.153332,0.197156,0.02658,-0.045485,0.004846646
GOE 165 (MVA MK.11) AIRFOIL,0.090645,0.157427,-0.07227,0.711059,0.065491,0.110152,-0.163797,0.102504,-0.145793,0.096091,0.130799,-0.08231,0.004864966
UNIVERSITY OF ALBERTA UA 79-SF-187 AIRFOIL MAIN ELEMENT,-0.020752,0.073415,-0.24935,1.181189,-0.027798,-0.451936,0.252047,-0.17074,0.046901,0.215047,0.178281,-0.026303,0.00491089
GOE 462 AIRFOIL,0.239637,0.017342,0.866972,-0.632573,0.020589,-0.206424,-0.069932,0.451912,0.020996,0.004708,0.098066,0.188705,0.00491759
S1223 RTL,0.058828,0.155173,0.044597,0.352119,0.064535,0.148317,-0.162503,0.049795,-0.08551,0.055704,0.363551,-0.044606,0.005010356
LIEBECK LA5055 AIRFOIL,-0.148954,0.006481,0.390597,0.352711,-0.006672,0.370375,-0.11109,0.21739,0.022943,-0.050183,-0.11173,0.068132,0.005061168
GOE 234 (MVA CA5) AIRFOIL,0.188489,0.176164,-0.225282,0.41298,0.04739,0.152629,-0.185341,0.328688,-0.113104,0.005512,0.229817,-0.017941,0.005111908
FX 79-W-470A,-0.132145,-0.096979,0.28412,0.046173,-0.009734,0.443918,0.504991,-0.051807,0.062311,-0.109527,0.060197,-0.001518,0.005115616
WORTMANN FX 057-816,-0.179737,0.000794,0.256991,0.501307,0.030148,0.170329,-0.054479,0.138451,0.180043,-0.015401,-0.096596,0.068151,0.005128974
RONCZ LOW DRAG FLYING WING AIRFOIL,-0.00068,-0.011387,0.104705,0.682868,0.036749,-0.088924,-0.086354,0.062595,0.461722,-0.119023,-0.099047,0.056774,0.005281968
GOE 440 AIRFOIL,-0.02179,-0.005496,0.253475,0.21548,0.087643,0.106449,-0.008473,0.181317,0.083916,-0.135436,0.245386,-0.00247,0.005351428
NACA 6-H-20 AIRFOIL,-0.196404,-0.043376,0.542045,-0.044821,0.15592,0.339041,-0.094833,0.745092,0.154191,0.10044,-0.745362,0.088067,0.005591004
KENNEDY AND MARSDEN AIRFOIL,-0.305747,-0.202681,0.400073,-0.652087,0.073924,0.807166,0.019835,-0.070076,0.122945,0.163974,0.631259,0.011415,0.005672448
WORTMANN FX 082-512 AIRFOIL,-0.006054,0.03417,-0.46793,1.111351,0.013132,0.201801,-0.135335,0.048652,-0.06052,0.178259,0.083957,-0.001485,0.006029392
GOE 481 AIRFOIL,0.211057,-0.007535,0.360063,0.116379,0.027071,-0.365021,0.076036,0.167012,0.064939,0.074318,0.310257,-0.034576,0.00686745
